# Blender 5.1.1
# www.blender.org
mtllib hairthing.mtl
o Handle1
v -0.403751 -0.034805 -0.443393
v -0.435208 -0.040750 -0.353660
v -0.527070 -0.000372 -0.416942
v -0.473339 0.029840 -0.550378
v -0.527070 -0.000372 -0.416942
v -0.435208 -0.040750 -0.353660
v -0.459224 -0.048147 -0.262065
v -0.609565 -0.033984 -0.297286
v -0.691315 -0.109856 0.057567
v -0.662870 0.028588 0.063466
v -0.649955 0.035554 -0.101184
v -0.685760 -0.147280 -0.160279
v -0.619665 0.147226 0.090752
v -0.613965 0.154265 -0.045528
v -0.557165 0.184232 -0.292915
v -0.598985 0.151632 -0.165756
v -0.557165 0.184232 -0.292915
v -0.499524 0.188594 -0.491313
v -0.495976 0.244596 -0.246192
v -0.495286 0.248938 -0.126779
v -0.494271 0.245396 0.002073
v -0.663385 -0.406274 -0.212027
v -0.672920 -0.517112 -0.215475
v -0.684810 -0.509547 -0.111310
v -0.679120 -0.384542 -0.107133
v -0.566960 -0.013700 0.461721
v -0.348105 -0.057911 0.629782
v -0.368083 0.046269 0.585462
v -0.520670 0.107467 0.446182
v -0.491241 0.239075 0.119164
v -0.358385 -0.268083 0.611677
v -0.608510 -0.197694 0.417967
v -0.495976 0.244596 -0.246192
v -0.651400 -0.173244 -0.312094
v -0.361584 0.142667 0.544452
v -0.469829 0.226289 0.313374
v -0.615160 0.004989 0.297735
v -0.568595 0.125328 0.301822
v -0.650305 -0.118317 0.278360
v -0.187986 -0.278397 0.685917
v -0.178437 -0.071202 0.705297
v -0.397442 0.255514 -0.458832
v -0.346617 0.302493 -0.262163
v -0.234528 0.381749 -0.391093
v -0.276480 0.325651 -0.604973
v -0.282853 0.239037 -0.660003
v -0.155421 0.031063 -0.694253
v -0.258909 0.035739 -0.673848
v -0.393166 0.200479 -0.574998
v -0.137596 -0.086168 -0.578643
v -0.208914 -0.045632 -0.567178
v -0.495602 -0.178904 -0.330919
v -0.559855 -0.408941 -0.228476
v -0.560015 -0.524257 -0.232367
v -0.712420 -0.510562 0.003639
v -0.694850 -0.362810 -0.002238
v -0.696440 -0.299748 0.021503
v -0.609410 -0.320844 0.027650
v -0.605435 -0.275572 0.056102
v -0.689020 -0.256816 0.048970
v -0.580780 -0.517917 -0.113386
v -0.560015 -0.524257 -0.232367
v -0.530330 -0.521932 0.316039
v -0.312069 -0.584082 0.526247
v -0.340514 -0.580122 0.558792
v -0.589140 -0.511372 0.349368
v -0.627665 -0.473014 0.237646
v -0.564820 -0.496392 0.218817
v -0.532725 -0.282512 -0.266020
v -0.657425 -0.276021 -0.248563
v -0.682470 -0.254093 -0.130552
v -0.701665 -0.184508 0.057133
v -0.647385 -0.290461 0.258600
v -0.599110 -0.343474 0.384675
v -0.349712 -0.419523 0.590147
v -0.187262 0.024273 0.666312
v -0.312069 -0.584082 0.526247
v -0.084517 -0.635657 0.610242
v -0.178978 -0.617287 0.633487
v -0.183856 0.115272 0.623797
v -0.246279 0.238677 0.490491
v -0.292329 0.278034 0.351784
v -0.332482 0.295201 0.139688
v -0.335676 0.293659 -0.022414
v -0.347780 0.296723 -0.162003
v -0.346617 0.302493 -0.262163
v -0.011846 -0.077030 0.736817
v -0.017560 0.024128 0.692912
v -0.480294 0.230446 0.256399
v -0.308930 0.289316 0.294801
v -0.322915 0.293204 0.234374
v -0.486362 0.234684 0.198260
v -0.609415 0.141331 0.172459
v -0.589850 0.133248 0.237794
v -0.648375 0.021736 0.150788
v -0.635615 0.013278 0.225005
v -0.684885 -0.100426 0.138991
v -0.665195 -0.105071 0.211336
v -0.690645 -0.166871 0.129071
v -0.668795 -0.197632 0.202713
v -0.644750 -0.274430 0.182991
v -0.662185 -0.237122 0.118565
v -0.595730 -0.259291 0.115313
v -0.580120 -0.295876 0.167149
v -0.689020 -0.256816 0.048970
v -0.605435 -0.275572 0.056102
v -0.691315 -0.109856 0.057567
v -0.701665 -0.184508 0.057133
v -0.662870 0.028588 0.063466
v -0.619665 0.147226 0.090752
v -0.491241 0.239075 0.119164
v -0.332482 0.295201 0.139688
v -0.637710 -0.346954 0.219915
v -0.574055 -0.366050 0.202096
v -0.564820 -0.496392 0.218817
v -0.546295 -0.344458 -0.241442
v -0.660405 -0.339879 -0.224489
v -0.681195 -0.313921 -0.117170
v -0.701990 -0.287965 -0.009852
v -0.640190 -0.357069 0.250955
v -0.593790 -0.412939 0.368200
v -0.344801 -0.505257 0.573407
v -0.182936 -0.537317 0.651762
v -0.186224 -0.446477 0.668142
v -0.613380 -0.369920 0.010810
v -0.026630 0.279825 0.540012
v -0.043334 0.367732 0.474991
v 0.027375 0.393462 0.310090
v -0.118584 0.354996 0.307009
v -0.192713 0.384346 0.251552
v 0.086407 0.443474 0.239033
v 0.233396 0.596213 0.086995
v -0.212662 0.404692 0.110736
v 0.420981 0.635923 -0.218329
v 0.224779 0.532543 -0.235812
v 0.221062 0.541638 -0.194925
v 0.257921 0.508238 -0.267117
v 0.309783 0.295478 -0.615623
v 0.136892 0.396662 -0.561648
v 0.231434 0.403488 -0.512283
v 0.362112 0.318097 -0.550933
v 0.099508 0.355768 -0.681068
v 0.136892 0.396662 -0.561648
v 0.309783 0.295478 -0.615623
v 0.275690 0.245158 -0.692823
v -0.113383 0.231562 -0.715113
v -0.065940 0.019900 -0.708878
v -0.065677 -0.120684 -0.583148
v 0.274109 0.185337 -0.712588
v 0.082246 0.257285 -0.736273
v 0.251146 0.541078 -0.145361
v -0.559855 -0.408941 -0.228476
v -0.587090 -0.389085 -0.106713
v -0.580780 -0.517917 -0.113386
v -0.560015 -0.524257 -0.232367
v -0.578030 -0.332584 -0.106139
v -0.546295 -0.344458 -0.241442
v -0.568915 -0.279058 -0.105701
v -0.532725 -0.282512 -0.266020
v -0.545665 -0.219097 -0.107803
v -0.495602 -0.178904 -0.330919
v -0.367757 0.142289 -0.235024
v -0.394507 0.137457 -0.162054
v -0.435208 -0.040750 -0.353660
v -0.403751 -0.034805 -0.443393
v -0.414519 -0.217696 0.382544
v -0.254676 -0.304382 0.553482
v -0.312069 -0.584082 0.526247
v -0.530330 -0.521932 0.316039
v -0.427094 0.078252 -0.115012
v -0.459224 -0.048147 -0.262065
v -0.430723 -0.185081 0.316212
v -0.564820 -0.496392 0.218817
v -0.068076 -0.346323 0.621787
v -0.084517 -0.635657 0.610242
v -0.111579 0.100523 -0.345010
v -0.167994 0.133483 -0.335683
v -0.208914 -0.045632 -0.567178
v -0.137596 -0.086168 -0.578643
v -0.574055 -0.366050 0.202096
v -0.467722 -0.127078 0.289886
v -0.595730 -0.259291 0.115313
v -0.485349 -0.040262 0.219314
v -0.478875 -0.089388 0.268228
v -0.580120 -0.295876 0.167149
v -0.054311 0.072453 -0.348671
v -0.065677 -0.120684 -0.583148
v -0.015408 0.136691 0.320115
v 0.037260 -0.346323 0.621787
v -0.015408 -0.347796 0.625487
v -0.040650 0.095010 -0.113829
v 0.326371 0.488465 -0.244573
v 0.363226 0.323503 -0.426682
v 0.500780 0.313443 -0.524058
v 0.710930 0.356420 -0.608213
v 0.711325 0.358044 -0.608418
v 0.712420 0.357699 -0.607338
v 0.711720 0.356171 -0.607433
v 0.266856 0.103312 -0.671413
v 0.402283 0.078390 -0.647568
v 0.049088 0.086051 -0.694458
v 0.034975 0.019065 -0.708678
v 0.034861 -0.120684 -0.583148
v 0.034861 -0.120684 -0.583148
v 0.023495 0.072453 -0.348671
v -0.000431 0.111960 0.062634
v -0.601550 -0.511577 0.005595
v -0.601550 -0.511577 0.005595
v -0.613380 -0.369920 0.010810
v -0.601550 -0.511577 0.005595
v -0.609410 -0.320844 0.027650
v -0.605435 -0.275572 0.056102
v -0.021264 0.108935 0.644877
v -0.020725 -0.282199 0.728032
v -0.015444 -0.456980 0.702772
v -0.015444 -0.550217 0.685712
v -0.015444 -0.634997 0.676037
v 0.003827 -0.635542 0.613787
v 0.003827 -0.635542 0.613787
v 0.494018 -0.012982 -0.413925
v 0.404392 -0.040750 -0.353660
v 0.372251 -0.038672 -0.442469
v 0.435730 -0.008517 -0.541203
v 0.578750 -0.033984 -0.297286
v 0.428408 -0.048147 -0.262065
v 0.561195 0.123378 -0.291792
v 0.574875 0.155984 -0.117919
v 0.532080 0.098695 -0.407495
v 0.583150 0.154265 -0.045528
v 0.619140 0.035554 -0.101184
v 0.499248 0.219067 -0.242765
v 0.464470 0.248116 -0.050270
v 0.574875 0.155984 -0.117919
v 0.561195 0.123378 -0.291792
v 0.463455 0.245396 0.002073
v 0.583150 0.154265 -0.045528
v 0.632565 -0.406274 -0.212027
v 0.648300 -0.384542 -0.107133
v 0.653995 -0.509547 -0.111310
v 0.642105 -0.517112 -0.215475
v 0.337267 0.046269 0.585462
v 0.317290 -0.057911 0.629782
v 0.536145 -0.013700 0.461721
v 0.489854 0.107467 0.446182
v 0.327569 -0.268083 0.611677
v 0.577695 -0.197694 0.417967
v 0.532080 0.098695 -0.407495
v 0.654945 -0.147280 -0.160279
v 0.620585 -0.173244 -0.312094
v 0.330768 0.142667 0.544452
v 0.439013 0.226289 0.313374
v 0.584345 0.004989 0.297735
v 0.537780 0.125328 0.301822
v 0.619490 -0.118317 0.278360
v 0.147620 -0.071202 0.705297
v 0.157170 -0.278397 0.685917
v 0.122631 0.019919 -0.691588
v 0.231211 0.004215 -0.650898
v 0.177647 -0.048173 -0.566568
v 0.106780 -0.086168 -0.578643
v 0.464786 -0.178904 -0.330919
v 0.529195 -0.524257 -0.232367
v 0.529040 -0.408941 -0.228476
v 0.681605 -0.510562 0.003639
v 0.664030 -0.362810 -0.002238
v 0.574620 -0.275572 0.056102
v 0.578595 -0.320844 0.027650
v 0.665620 -0.299748 0.021503
v 0.658205 -0.256816 0.048970
v 0.549965 -0.517917 -0.113386
v 0.529195 -0.524257 -0.232367
v 0.499512 -0.521932 0.316039
v 0.558325 -0.511372 0.349368
v 0.309698 -0.580122 0.558792
v 0.281253 -0.584082 0.526247
v 0.534005 -0.496392 0.218817
v 0.596850 -0.473014 0.237646
v 0.501910 -0.282512 -0.266020
v 0.626610 -0.276021 -0.248563
v 0.651655 -0.254093 -0.130552
v 0.568295 -0.343474 0.384675
v 0.616570 -0.290461 0.258600
v 0.318896 -0.419523 0.590147
v 0.156445 0.024273 0.666312
v 0.281253 -0.584082 0.526247
v 0.148161 -0.617287 0.633487
v 0.092171 -0.631802 0.608232
v 0.182368 0.240286 0.505677
v 0.153039 0.115272 0.623797
v 0.190562 0.287086 0.403662
v 0.316964 0.296723 -0.162003
v 0.304861 0.293659 -0.022414
v 0.291851 0.306113 -0.265064
v 0.517715 0.099541 -0.437857
v 0.435730 -0.008517 -0.541203
v 0.532080 0.098695 -0.407495
v 0.372251 -0.038672 -0.442469
v 0.449478 0.230446 0.256399
v 0.455546 0.234684 0.198260
v 0.225690 0.324833 0.248780
v 0.185570 0.325076 0.305064
v 0.559035 0.133248 0.237794
v 0.578600 0.141331 0.172459
v 0.604800 0.013278 0.225005
v 0.617560 0.021736 0.150788
v 0.634380 -0.105071 0.211336
v 0.654070 -0.100426 0.138991
v 0.659830 -0.166871 0.129071
v 0.637980 -0.197632 0.202713
v 0.564915 -0.259291 0.115313
v 0.631370 -0.237122 0.118565
v 0.613935 -0.274430 0.182991
v 0.549305 -0.295876 0.167149
v 0.574620 -0.275572 0.056102
v 0.658205 -0.256816 0.048970
v 0.670850 -0.184508 0.057133
v 0.660500 -0.109856 0.057567
v 0.632055 0.028588 0.063466
v 0.588850 0.147226 0.090752
v 0.460425 0.239075 0.119164
v 0.301666 0.295201 0.139688
v 0.543240 -0.366050 0.202096
v 0.606895 -0.346954 0.219915
v 0.534005 -0.496392 0.218817
v 0.515480 -0.344458 -0.241442
v 0.629590 -0.339879 -0.224489
v 0.650380 -0.313921 -0.117170
v 0.671170 -0.287965 -0.009852
v 0.670850 -0.184508 0.057133
v 0.609375 -0.357069 0.250955
v 0.562975 -0.412939 0.368200
v 0.313985 -0.505257 0.573407
v 0.155407 -0.446477 0.668142
v 0.152119 -0.537317 0.651762
v 0.582565 -0.369920 0.010810
v 0.420981 0.635923 -0.218329
v 0.251146 0.541078 -0.145361
v 0.391999 0.498174 -0.121895
v 0.401704 0.492047 -0.176616
v 0.393596 0.471842 -0.219848
v 0.326371 0.488465 -0.244573
v 0.502595 0.285213 -0.462406
v 0.500780 0.313443 -0.524058
v 0.363226 0.323503 -0.426682
v 0.429853 0.271183 -0.395832
v 0.491825 0.089656 -0.506753
v 0.485767 0.083754 -0.563758
v 0.034975 0.019065 -0.708678
v 0.034861 -0.120684 -0.583148
v 0.402283 0.078390 -0.647568
v 0.485767 0.083754 -0.563758
v 0.491825 0.089656 -0.506753
v 0.266856 0.103312 -0.671413
v 0.517715 0.099541 -0.437857
v 0.301666 0.295201 0.139688
v 0.460425 0.239075 0.119164
v 0.588850 0.147226 0.090752
v 0.632055 0.028588 0.063466
v 0.588850 0.147226 0.090752
v 0.660500 -0.109856 0.057567
v 0.233396 0.596213 0.086995
v 0.147500 0.522248 -0.056179
v 0.529040 -0.408941 -0.228476
v 0.529195 -0.524257 -0.232367
v 0.549965 -0.517917 -0.113386
v 0.556275 -0.389085 -0.106713
v 0.547215 -0.332584 -0.106139
v 0.515480 -0.344458 -0.241442
v 0.538100 -0.279058 -0.105701
v 0.501910 -0.282512 -0.266020
v 0.514850 -0.219097 -0.107803
v 0.464786 -0.178904 -0.330919
v 0.336941 0.142289 -0.235024
v 0.372251 -0.038672 -0.442469
v 0.404392 -0.040750 -0.353660
v 0.363692 0.137457 -0.162054
v 0.383703 -0.217696 0.382544
v 0.499512 -0.521932 0.316039
v 0.281253 -0.584082 0.526247
v 0.223859 -0.304382 0.553482
v 0.428408 -0.048147 -0.262065
v 0.396279 0.071933 -0.115012
v 0.399907 -0.185081 0.316212
v 0.534005 -0.496392 0.218817
v 0.092171 -0.631802 0.608232
v 0.150549 -0.320860 0.580317
v 0.177647 -0.048173 -0.566568
v 0.137178 0.133483 -0.335683
v 0.080762 0.100523 -0.345010
v 0.106780 -0.086168 -0.578643
v 0.543240 -0.366050 0.202096
v 0.436906 -0.127078 0.289886
v 0.564915 -0.259291 0.115313
v 0.549305 -0.295876 0.167149
v 0.448058 -0.089388 0.268228
v 0.454533 -0.040262 0.219314
v 0.038339 0.137545 0.235433
v 0.041327 0.136806 0.247956
v 0.098751 -0.073752 0.431459
v 0.066202 0.064226 0.332880
v 0.044087 0.128246 0.257232
v 0.062194 0.076568 0.319385
v 0.021306 0.135919 0.162320
v 0.012967 0.126020 0.123869
v 0.060081 0.092669 0.315070
v 0.058781 0.100502 0.311809
v 0.056489 0.109619 0.304693
v 0.049088 0.086051 -0.694458
v 0.570730 -0.511577 0.005595
v 0.570730 -0.511577 0.005595
v 0.570730 -0.511577 0.005595
v 0.582565 -0.369920 0.010810
v 0.578595 -0.320844 0.027650
v 0.574620 -0.275572 0.056102
v 0.003827 -0.635542 0.613787
v 0.524380 0.333371 -0.613928
v 0.548230 0.323888 -0.551933
v 0.710930 0.356420 -0.608213
v 0.711720 0.356171 -0.607433
v 0.527800 0.283748 -0.646508
v 0.411876 0.268623 -0.627108
v 0.394700 0.226377 -0.677803
v 0.567035 0.191484 -0.659483
v 0.528660 0.245115 -0.672423
v 0.410131 0.172894 -0.682493
v 0.490548 0.100617 -0.631908
v 0.711325 0.358044 -0.608418
v 0.617405 0.182140 -0.587543
v 0.601205 0.164281 -0.619018
v 0.540360 0.116670 -0.575458
v 0.538705 0.265776 -0.497629
v 0.710930 0.356420 -0.608213
v 0.548230 0.323888 -0.551933
v 0.593040 0.289500 -0.526873
v -0.018896 0.282807 -0.728618
v -0.047237 0.380683 -0.654318
v -0.004732 0.421694 -0.522128
v -0.004732 0.421694 -0.522128
v 0.109591 0.429270 -0.459335
v 0.221471 0.335808 -0.345196
v 0.221471 0.335808 -0.345196
v 0.368153 0.292099 -0.325002
v 0.504770 0.094598 -0.472304
v 0.504770 0.094598 -0.472304
v 0.121795 0.112844 -0.682938
v 0.121795 0.112844 -0.682938
v 0.437355 0.301268 -0.580033
v 0.521180 0.320063 -0.537583
v 0.411876 0.268623 -0.627108
v 0.437355 0.301268 -0.580033
v 0.527800 0.283748 -0.646508
v 0.394700 0.226377 -0.677803
v 0.410131 0.172894 -0.682493
v 0.601205 0.164281 -0.619018
v 0.490548 0.100617 -0.631908
v 0.540360 0.116670 -0.575458
v 0.617405 0.182140 -0.587543
v 0.711325 0.358044 -0.608418
v 0.538705 0.265776 -0.497629
v 0.521180 0.320063 -0.537583
v 0.254676 0.431802 -0.281220
v 0.254676 0.431802 -0.281220
v 0.000141 0.398401 -0.371909
v 0.017696 0.462911 -0.299797
v -0.013410 0.476402 -0.211571
v -0.001846 0.484292 -0.106933
v 0.147500 0.522248 -0.056179
v -0.221093 0.407233 -0.278904
v -0.234528 0.381749 -0.391093
v -0.224332 0.409486 -0.184711
v -0.197118 0.427585 -0.074118
v -0.188621 0.396086 -0.019317
v -0.212662 0.404692 0.110736
v 0.233396 0.596213 0.086995
v -0.165981 0.369605 -0.624688
v -0.108523 0.423451 -0.480629
v -0.108523 0.423451 -0.480629
vn 0.2286 -0.9381 0.2602
vn 0.5914 -0.7964 0.1262
vn -0.8046 -0.2997 -0.5127
vn -0.6049 -0.4085 -0.6835
vn -0.8045 -0.2997 -0.5127
vn 0.5915 -0.7964 0.1261
vn 0.7561 -0.4174 -0.5040
vn -0.7825 0.0869 -0.6166
vn -0.9832 0.1809 -0.0236
vn -0.9630 0.2684 0.0236
vn -0.9377 0.2915 -0.1891
vn -0.9840 0.1259 -0.1260
vn -0.7804 0.6228 0.0552
vn -0.7873 0.6141 -0.0551
vn -0.9226 0.2918 -0.2523
vn -0.8812 0.4485 -0.1495
vn -0.7572 0.5206 -0.3944
vn -0.4708 0.8709 -0.1412
vn -0.4970 0.8678 -0.0000
vn -0.4500 0.8921 0.0395
vn -0.7110 0.0158 -0.7031
vn -0.6479 -0.4583 -0.6084
vn -0.8030 -0.5826 -0.1259
vn -0.9887 0.0157 -0.1491
vn -0.7548 0.1573 0.6368
vn -0.5264 0.0550 0.8485
vn -0.4637 0.3223 0.8253
vn -0.5774 0.5852 0.5694
vn -0.4651 0.8830 0.0631
vn -0.5490 -0.0863 0.8314
vn -0.7656 -0.0710 0.6393
vn -0.6706 -0.0158 -0.7416
vn -0.4645 0.6062 0.6456
vn -0.4714 0.7857 0.4007
vn -0.9135 0.2756 0.2993
vn -0.7998 0.5018 0.3293
vn -0.9544 0.0631 0.2918
vn -0.3316 -0.0869 0.9394
vn -0.2990 0.0630 0.9522
vn -0.6460 0.7485 -0.1497
vn -0.5976 0.7942 -0.1101
vn -0.6078 0.7893 -0.0868
vn -0.6118 0.7295 -0.3059
vn -0.5214 0.0080 -0.8532
vn -0.1970 -0.3546 -0.9140
vn -0.3861 -0.3153 -0.8669
vn -0.7103 0.2131 -0.6709
vn -0.4323 -0.8725 0.2279
vn -0.0393 -0.9584 0.2828
vn 0.9189 -0.3220 -0.2278
vn 0.8122 -0.0946 -0.5757
vn 0.5614 -0.6485 -0.5141
vn -0.7381 -0.4319 0.5183
vn -0.9005 -0.0158 0.4345
vn -0.4573 -0.3627 0.8120
vn 0.6305 -0.3783 0.6777
vn 0.4550 -0.7608 0.4628
vn -0.6818 -0.5172 0.5173
vn 0.7647 -0.6228 0.1655
vn 0.5615 -0.6484 -0.5140
vn 0.6788 -0.3315 -0.6552
vn 0.5114 -0.1730 -0.8418
vn -0.5588 -0.5825 0.5903
vn -0.6845 -0.5980 0.4170
vn -0.8803 -0.4244 -0.2122
vn 0.6921 -0.2909 -0.6606
vn 0.7395 -0.4799 -0.4721
vn -0.6710 -0.3157 -0.6709
vn -0.9901 -0.0629 -0.1257
vn -0.9986 0.0472 -0.0236
vn -0.9672 -0.0944 0.2359
vn -0.7641 -0.1969 0.6144
vn -0.5829 -0.1654 0.7955
vn -0.2522 0.3783 0.8906
vn 0.5113 -0.1730 -0.8418
vn 0.2438 -0.1415 -0.9594
vn -0.3560 -0.6407 0.6803
vn -0.1725 0.5960 0.7842
vn -0.3077 0.7574 0.5759
vn -0.4100 0.8436 0.3469
vn -0.5120 0.8587 0.0236
vn -0.5191 0.8416 0.1494
vn -0.6530 0.7554 0.0551
vn -0.5976 0.7942 -0.1100
vn -0.0000 0.1182 0.9930
vn -0.0000 0.4409 0.8976
vn -0.5018 0.8546 0.1333
vn -0.3471 0.9151 0.2051
vn -0.4636 0.8801 0.1022
vn -0.4795 0.8725 0.0943
vn -0.8021 0.5583 0.2123
vn -0.7946 0.5192 0.3147
vn -0.9462 0.2681 0.1814
vn -0.9317 0.2685 0.2448
vn -0.9678 0.1967 0.1574
vn -0.9596 0.1259 0.2516
vn -0.9619 -0.1892 0.1971
vn -0.9718 -0.1501 0.1817
vn -0.8582 -0.4331 -0.2756
vn -0.6848 -0.7163 0.1338
vn 0.8403 -0.5419 -0.0157
vn 0.7069 -0.3535 -0.6127
vn -0.6818 -0.5173 0.5172
vn -0.9630 0.2684 0.0237
vn -0.7805 0.6228 0.0552
vn -0.4652 0.8830 0.0631
vn -0.5120 0.8586 0.0237
vn -0.5994 -0.2603 -0.7570
vn 0.5507 -0.1652 -0.8182
vn 0.6920 -0.2910 -0.6606
vn 0.7864 -0.3224 -0.5269
vn -0.6855 -0.1655 -0.7091
vn -0.9834 -0.0551 -0.1731
vn -0.9979 -0.0157 -0.0629
vn -0.9730 -0.1334 0.1883
vn -0.7637 -0.1732 0.6219
vn -0.5980 -0.1888 0.7790
vn -0.3377 -0.2042 0.9188
vn -0.3302 -0.1258 0.9355
vn 0.6861 -0.0552 0.7254
vn -0.0316 0.5453 0.8376
vn -0.0707 0.8953 0.4398
vn 0.0946 0.9302 0.3547
vn -0.2999 0.9155 0.2684
vn -0.3233 0.8673 0.3785
vn 0.1027 0.6874 0.7190
vn 0.1815 0.9391 0.2919
vn -0.4658 0.8843 0.0316
vn 0.8295 0.5056 -0.2371
vn 0.0078 0.8247 -0.5655
vn -0.0628 0.9891 0.1334
vn 0.2912 0.2283 -0.9290
vn 0.3629 0.6706 -0.6469
vn 0.0395 0.9075 -0.4182
vn 0.3698 0.9206 0.1258
vn 0.5828 0.7798 -0.2284
vn 0.0157 0.6370 -0.7707
vn 0.3629 0.6707 -0.6469
vn 0.2445 0.3629 -0.8992
vn -0.1730 0.0629 -0.9829
vn -0.0944 -0.3778 -0.9210
vn -0.1893 -0.9704 0.1499
vn 0.1422 -0.0711 -0.9873
vn 0.1653 0.0630 -0.9842
vn 0.1725 0.6352 0.7529
vn 0.9752 -0.0236 0.2202
vn 0.7647 -0.6228 0.1656
vn 0.5615 -0.6485 -0.5140
vn 0.9590 -0.1572 0.2358
vn 0.7864 -0.3225 -0.5269
vn 0.9378 -0.2679 0.2207
vn 0.8786 -0.4628 0.1177
vn 0.9189 -0.3220 -0.2277
vn 0.1107 -0.9799 0.1660
vn 0.5754 -0.8040 -0.1497
vn 0.5890 -0.4555 -0.6675
vn 0.4161 -0.4003 -0.8165
vn 0.5113 -0.1731 -0.8418
vn 0.6789 -0.3315 -0.6552
vn 0.6925 -0.7003 -0.1731
vn 0.7561 -0.4174 -0.5041
vn 0.5804 -0.3921 -0.7137
vn 0.6921 -0.2910 -0.6606
vn 0.2054 -0.3634 -0.9087
vn -0.4330 -0.8582 0.2756
vn -0.0629 -0.9752 0.2124
vn -0.4323 -0.8725 0.2280
vn 0.5508 -0.1652 -0.8182
vn 0.4027 -0.2368 -0.8842
vn 0.6836 -0.7071 -0.1808
vn 0.5447 -0.4578 -0.7026
vn 0.7069 -0.3534 -0.6126
vn -0.1736 -0.8916 0.4182
vn 0.1966 -0.8415 -0.5033
vn -0.1883 -0.3688 -0.9102
vn -0.0000 0.0236 -0.9997
vn -0.0000 -0.9955 0.0948
vn 0.3772 -0.1100 -0.9196
vn 0.6001 0.5290 0.6001
vn 0.6913 0.4950 0.5264
vn 0.7023 0.0473 0.7103
vn -0.2598 -0.9527 0.1574
vn 0.0707 -0.2751 -0.9588
vn 0.5117 0.2047 -0.8344
vn 0.1494 -0.5191 -0.8416
vn 0.0393 -0.5970 -0.8013
vn 0.2838 -0.4414 -0.8513
vn 0.0784 -0.5255 -0.8472
vn 0.1893 -0.9704 0.1499
vn 0.1894 -0.9704 0.1499
vn 0.1814 -0.9230 0.3392
vn 0.1186 -0.9876 0.1027
vn 0.5818 -0.4402 0.6839
vn 0.5817 -0.4403 0.6840
vn 0.6860 -0.0552 0.7255
vn 0.6305 -0.3783 0.6778
vn 0.4549 -0.7608 0.4628
vn -0.0000 0.5121 0.8589
vn -0.0000 -0.0870 0.9962
vn -0.0000 -0.1580 0.9874
vn -0.0000 -0.1491 0.9888
vn -0.0000 -0.6456 0.7637
vn -0.0079 -0.1733 -0.9848
vn 0.7171 -0.5122 -0.4728
vn -0.6070 -0.7804 0.1498
vn -0.2919 -0.8913 0.3471
vn 0.5677 -0.4889 -0.6623
vn 0.7715 0.1338 -0.6220
vn -0.7561 -0.4174 -0.5040
vn 0.9810 0.1020 -0.1648
vn 0.8718 0.4712 -0.1335
vn 0.7453 0.2982 -0.5963
vn 0.7949 0.6059 -0.0315
vn 0.9377 0.2915 -0.1891
vn 0.5287 0.8128 -0.2446
vn 0.4815 0.8761 -0.0237
vn 0.8718 0.4713 -0.1335
vn 0.9810 0.1020 -0.1649
vn 0.4497 0.8915 0.0552
vn 0.7948 0.6060 -0.0315
vn 0.7110 0.0158 -0.7031
vn 0.9887 0.0157 -0.1491
vn 0.8030 -0.5826 -0.1259
vn 0.6479 -0.4583 -0.6084
vn 0.4637 0.3223 0.8253
vn 0.5264 0.0550 0.8485
vn 0.7548 0.1573 0.6368
vn 0.5774 0.5852 0.5694
vn 0.5490 -0.0863 0.8314
vn 0.7656 -0.0710 0.6393
vn 0.7454 0.2982 -0.5963
vn 0.9840 0.1259 -0.1260
vn 0.6706 -0.0158 -0.7416
vn 0.4499 0.6235 0.6394
vn 0.4653 0.7886 0.4021
vn 0.9135 0.2756 0.2993
vn 0.7998 0.5018 0.3293
vn 0.9544 0.0631 0.2918
vn 0.3062 0.0628 0.9499
vn 0.3150 -0.0866 0.9451
vn 0.2841 0.0868 -0.9549
vn 0.4244 -0.0550 -0.9038
vn -0.0236 -0.9288 0.3699
vn 0.4170 -0.8733 0.2518
vn -0.9189 -0.3219 -0.2278
vn -0.5615 -0.6485 -0.5140
vn -0.8122 -0.0947 -0.5757
vn 0.7381 -0.4319 0.5183
vn 0.9005 -0.0158 0.4345
vn -0.4550 -0.7609 0.4627
vn -0.6305 -0.3783 0.6778
vn 0.4573 -0.3626 0.8120
vn 0.6819 -0.5172 0.5173
vn -0.7647 -0.6228 0.1655
vn -0.5615 -0.6484 -0.5141
vn -0.6789 -0.3315 -0.6552
vn 0.6845 -0.5980 0.4170
vn 0.5588 -0.5825 0.5903
vn -0.5438 -0.1812 -0.8194
vn -0.6921 -0.2909 -0.6606
vn 0.8802 -0.4244 -0.2122
vn -0.7395 -0.4799 -0.4720
vn 0.6710 -0.3157 -0.6709
vn 0.9901 -0.0629 -0.1257
vn 0.7641 -0.1969 0.6143
vn 0.9672 -0.0944 0.2359
vn 0.5829 -0.1654 0.7955
vn 0.2440 0.3858 0.8897
vn -0.5437 -0.1812 -0.8195
vn 0.3621 -0.5668 0.7400
vn -0.2748 -0.1492 -0.9499
vn 0.2757 0.7326 0.6223
vn 0.1728 0.5732 0.8010
vn 0.3717 0.8541 0.3638
vn 0.8641 0.5027 -0.0236
vn 0.6905 0.6591 0.2981
vn 0.6922 0.6921 -0.2045
vn 0.7165 -0.3307 -0.6142
vn 0.5677 -0.4888 -0.6624
vn -0.2918 -0.8913 0.3471
vn 0.4713 0.8718 0.1335
vn 0.4734 0.8758 0.0947
vn 0.4974 0.8448 0.1974
vn 0.3787 0.8756 0.2998
vn 0.7946 0.5192 0.3147
vn 0.8021 0.5583 0.2123
vn 0.9317 0.2685 0.2448
vn 0.9462 0.2681 0.1814
vn 0.9596 0.1259 0.2517
vn 0.9678 0.1967 0.1574
vn 0.9619 -0.1892 0.1971
vn 0.9718 -0.1501 0.1817
vn -0.8403 -0.5419 -0.0158
vn 0.6848 -0.7163 0.1338
vn 0.8582 -0.4331 -0.2756
vn -0.7069 -0.3535 -0.6127
vn -0.4550 -0.7608 0.4627
vn 0.6818 -0.5173 0.5172
vn 0.9986 0.0472 -0.0236
vn 0.9832 0.1809 -0.0236
vn 0.9630 0.2684 0.0237
vn 0.7805 0.6228 0.0552
vn 0.4652 0.8830 0.0631
vn 0.8195 0.5437 0.1812
vn -0.5507 -0.1652 -0.8182
vn 0.5994 -0.2602 -0.7570
vn -0.6920 -0.2910 -0.6606
vn -0.7864 -0.3225 -0.5269
vn 0.6854 -0.1655 -0.7091
vn 0.9834 -0.0551 -0.1731
vn 0.9979 -0.0157 -0.0628
vn 0.9730 -0.1334 0.1883
vn 0.7637 -0.1732 0.6219
vn 0.5980 -0.1888 0.7790
vn 0.3302 -0.1258 0.9355
vn 0.3377 -0.2042 0.9188
vn -0.6861 -0.0552 0.7255
vn 0.8296 0.5056 -0.2370
vn 0.1725 0.6353 0.7528
vn 0.6394 0.2289 0.7340
vn 0.9590 -0.2673 -0.0943
vn 0.6929 -0.1338 -0.7085
vn 0.3773 -0.1100 -0.9196
vn 0.4088 -0.3144 0.8568
vn 0.6831 -0.0000 0.7303
vn 0.7855 -0.6128 -0.0864
vn 0.2047 -0.8033 0.5592
vn 0.0785 -0.5255 -0.8472
vn 0.2055 -0.8032 0.5591
vn 0.1494 -0.5191 -0.8415
vn 0.4651 0.8830 0.0631
vn 0.7804 0.6228 0.0552
vn 0.7805 0.6227 0.0552
vn 0.1816 0.9390 0.2920
vn 0.1659 0.8772 0.4505
vn -0.8122 -0.0946 -0.5757
vn -0.7647 -0.6228 0.1656
vn -0.9752 -0.0236 0.2202
vn -0.9590 -0.1572 0.2358
vn -0.7864 -0.3224 -0.5269
vn -0.9378 -0.2679 0.2207
vn -0.7395 -0.4799 -0.4721
vn -0.8786 -0.4628 0.1177
vn -0.9189 -0.3220 -0.2277
vn -0.1257 -0.9740 0.1886
vn -0.5965 -0.7927 -0.1256
vn -0.6054 -0.4324 -0.6682
vn -0.5198 -0.3308 -0.7876
vn -0.7561 -0.4174 -0.5041
vn -0.7139 -0.6825 -0.1569
vn -0.5993 -0.3706 -0.7096
vn -0.6921 -0.2910 -0.6606
vn -0.2747 -0.1491 -0.9499
vn -0.1808 -0.5346 -0.8256
vn -0.0236 -0.9287 0.3700
vn 0.0472 -0.9667 0.2515
vn 0.4173 -0.8523 0.3155
vn -0.5508 -0.1652 -0.8182
vn -0.4259 -0.2287 -0.8754
vn -0.8403 -0.5419 -0.0157
vn -0.7069 -0.3534 -0.6126
vn -0.5661 -0.4481 -0.6919
vn -0.7091 -0.6854 -0.1655
vn 0.0236 -0.9997 0.0079
vn -0.3616 -0.8883 -0.2830
vn -0.2761 -0.5601 -0.7810
vn -0.4324 -0.6054 -0.6682
vn -0.4341 -0.8522 -0.2920
vn -0.4250 -0.5431 -0.7242
vn 0.2124 -0.9756 0.0551
vn 0.4570 -0.8826 0.1103
vn -0.2517 -0.3225 -0.9125
vn -0.3467 -0.5437 -0.7643
vn -0.3935 -0.8578 -0.3306
vn 0.2837 -0.4414 -0.8513
vn -0.5818 -0.4403 0.6839
vn -0.5817 -0.4403 0.6839
vn -0.6860 -0.0552 0.7255
vn -0.4549 -0.7608 0.4628
vn 0.7548 0.5190 -0.4010
vn 0.8930 0.3873 0.2292
vn 0.4246 0.3538 -0.8334
vn 0.0315 0.7414 -0.6704
vn 0.0712 0.7512 -0.6563
vn -0.0000 -0.3768 -0.9263
vn 0.2127 0.0316 -0.9766
vn 0.2126 -0.3859 -0.8977
vn 0.2370 -0.4345 -0.8689
vn -0.0550 -0.6054 0.7941
vn -0.0787 -0.6849 -0.7243
vn 0.4804 -0.4016 0.7797
vn 0.4804 -0.4017 0.7797
vn 0.7024 0.0474 0.7102
vn 0.8930 0.3873 0.2291
vn 0.2435 -0.3535 0.9032
vn 0.0237 0.0869 -0.9959
vn -0.2354 0.7142 -0.6592
vn -0.3232 0.9303 -0.1735
vn -0.3232 0.9303 -0.1734
vn 0.0393 0.9189 0.3926
vn 0.4707 0.6355 0.6120
vn 0.7015 0.1261 0.7014
vn 0.9369 -0.0473 -0.3464
vn 0.9369 -0.0472 -0.3464
vn 0.3391 -0.3234 -0.8834
vn 0.0314 0.9883 -0.1490
vn -0.1494 0.9749 0.1651
vn -0.0710 0.8201 -0.5678
vn -0.1259 0.8032 -0.5822
vn 0.1569 0.1177 -0.9806
vn 0.1422 0.0711 -0.9873
vn -0.0788 -0.6850 -0.7243
vn 0.4016 -0.8977 -0.1811
vn 0.4954 -0.8571 -0.1415
vn -0.0550 -0.6054 0.7940
vn 0.3620 0.7633 0.5351
vn 0.2830 0.7625 0.5818
vn 0.6447 0.6604 -0.3851
vn 0.6446 0.6604 -0.3852
vn -0.1811 0.8977 -0.4016
vn -0.3069 0.7870 -0.5352
vn -0.3929 0.9195 0.0078
vn -0.1728 0.7309 0.6602
vn 0.1660 0.8772 0.4505
vn -0.6960 0.6407 -0.3243
vn -0.6078 0.7894 -0.0868
vn -0.7704 0.6368 0.0314
vn -0.5760 0.6549 0.4892
vn -0.3939 0.8743 0.2835
vn -0.4659 0.8843 0.0315
vn 0.1815 0.9390 0.2920
vn -0.4641 0.7000 -0.5428
vn -0.5584 0.8258 0.0786
vt 0.211073 0.934682
vt 0.179152 0.942294
vt 0.176018 0.900808
vt 0.223962 0.890281
vt 0.065089 0.307737
vt 0.032677 0.289747
vt 0.037156 0.260406
vt 0.092705 0.262000
vt 0.213121 0.195012
vt 0.226489 0.238905
vt 0.171046 0.259226
vt 0.137577 0.204077
vt 0.248695 0.276871
vt 0.203726 0.293333
vt 0.128865 0.335770
vt 0.163558 0.306373
vt 0.140768 0.820061
vt 0.207326 0.836103
vt 0.151501 0.361415
vt 0.191968 0.350966
vt 0.235203 0.338656
vt 0.094884 0.119035
vt 0.085748 0.080287
vt 0.121062 0.074247
vt 0.133507 0.117418
vt 0.665588 0.581588
vt 0.604325 0.515557
vt 0.640169 0.507042
vt 0.694296 0.548864
vt 0.274251 0.326183
vt 0.543761 0.548381
vt 0.625834 0.629857
vt 0.143325 0.782652
vt 0.089326 0.210879
vt 0.671238 0.491533
vt 0.752866 0.524474
vt 0.708826 0.615686
vt 0.735554 0.574533
vt 0.679557 0.653765
vt 0.510830 0.491244
vt 0.573771 0.463812
vt 0.223783 0.796010
vt 0.184103 0.738274
vt 0.252329 0.722690
vt 0.288676 0.788417
vt 0.307399 0.816554
vt 0.339775 0.908156
vt 0.304680 0.900155
vt 0.251332 0.833333
vt 0.331849 0.962834
vt 0.301516 0.949036
vt 0.040020 0.213571
vt 0.058088 0.124756
vt 0.046584 0.086235
vt 0.159584 0.064339
vt 0.173359 0.115452
vt 0.185511 0.136016
vt 0.209144 0.117059
vt 0.220863 0.130450
vt 0.198165 0.148615
vt 0.108278 0.039189
vt 0.066683 0.044745
vt 0.510113 0.691688
vt 0.434802 0.602736
vt 0.445304 0.591677
vt 0.533459 0.683142
vt 0.564628 0.720557
vt 0.534311 0.727786
vt 0.050203 0.168697
vt 0.095015 0.168348
vt 0.137193 0.163913
vt 0.206730 0.171582
vt 0.629789 0.693933
vt 0.586353 0.659800
vt 0.498548 0.571186
vt 0.605434 0.453525
vt 0.427728 0.591621
vt 0.377239 0.510822
vt 0.406359 0.532206
vt 0.635135 0.439424
vt 0.700666 0.446256
vt 0.750122 0.456180
vt 0.300082 0.378869
vt 0.245822 0.396351
vt 0.194668 0.405241
vt 0.159284 0.417971
vt 0.551387 0.412135
vt 0.585993 0.400955
vt 0.769090 0.532467
vt 0.768658 0.462078
vt 0.787916 0.470831
vt 0.786405 0.540347
vt 0.771571 0.599387
vt 0.753452 0.586621
vt 0.748191 0.642802
vt 0.727816 0.629367
vt 0.718684 0.681310
vt 0.698846 0.665752
vt 0.701354 0.701426
vt 0.671996 0.691825
vt 0.648435 0.713982
vt 0.680071 0.722692
vt 0.661579 0.740692
vt 0.637808 0.736877
vt 0.701843 0.740900
vt 0.677147 0.756030
vt 0.736517 0.701538
vt 0.715604 0.720909
vt 0.771950 0.660288
vt 0.794445 0.614865
vt 0.810871 0.552214
vt 0.819213 0.482714
vt 0.614934 0.713508
vt 0.607907 0.736939
vt 0.560360 0.744578
vt 0.055911 0.146260
vt 0.096830 0.143566
vt 0.136756 0.142069
vt 0.175513 0.141869
vt 0.607069 0.704812
vt 0.565148 0.670466
vt 0.470837 0.582023
vt 0.432185 0.524152
vt 0.460249 0.514025
vt 0.200981 0.103112
vt 0.678626 0.370757
vt 0.709864 0.363592
vt 0.750883 0.323165
vt 0.764204 0.383531
vt 0.787396 0.408078
vt 0.771206 0.296170
vt 0.825820 0.222588
vt 0.834410 0.413089
vt 0.274251 0.701746
vt 0.240300 0.639168
vt 0.258192 0.635490
vt 0.221843 0.648503
vt 0.058996 0.690662
vt 0.081782 0.624804
vt 0.113338 0.670280
vt 0.083895 0.738280
vt 0.414999 0.747047
vt 0.418011 0.695077
vt 0.484608 0.717051
vt 0.476577 0.757027
vt 0.363237 0.820366
vt 0.371415 0.912250
vt 0.360419 0.973823
vt 0.491220 0.808699
vt 0.423480 0.794016
vt 0.283580 0.634605
vt 0.869508 0.457159
vt 0.867387 0.465527
vt 0.859506 0.461649
vt 0.862306 0.453889
vt 0.871000 0.466942
vt 0.874188 0.457884
vt 0.874386 0.468258
vt 0.879164 0.457742
vt 0.878514 0.469278
vt 0.888804 0.455827
vt 0.911013 0.470976
vt 0.906816 0.474090
vt 0.907038 0.456376
vt 0.915700 0.454063
vt 0.874659 0.509421
vt 0.876306 0.527577
vt 0.859383 0.534508
vt 0.852872 0.509071
vt 0.900911 0.474857
vt 0.899511 0.460936
vt 0.876019 0.503719
vt 0.852866 0.500633
vt 0.883258 0.540501
vt 0.869971 0.554276
vt 0.930913 0.474812
vt 0.926355 0.473088
vt 0.935953 0.456269
vt 0.942289 0.458436
vt 0.860813 0.494237
vt 0.878354 0.498627
vt 0.868436 0.483744
vt 0.883812 0.492855
vt 0.880404 0.496193
vt 0.865120 0.488980
vt 0.935280 0.477245
vt 0.947791 0.460936
vt 0.909015 0.513973
vt 0.889170 0.545382
vt 0.886060 0.543164
vt 0.926439 0.490393
vt 0.211887 0.678685
vt 0.146086 0.728183
vt 0.106878 0.787733
vt 0.665626 0.848991
vt 0.666115 0.848702
vt 0.666198 0.849194
vt 0.665699 0.849380
vt 0.500326 0.868296
vt 0.552219 0.862246
vt 0.469281 0.885267
vt 0.407813 0.914038
vt 0.395517 0.977578
vt 0.953660 0.465555
vt 0.940191 0.481130
vt 0.920828 0.501320
vt 0.196154 0.053531
vt 0.147403 0.029684
vt 0.865381 0.473587
vt 0.856665 0.469398
vt 0.868000 0.475909
vt 0.869779 0.479060
vt 0.616459 0.391062
vt 0.487966 0.435632
vt 0.433352 0.453894
vt 0.403570 0.464869
vt 0.375913 0.474998
vt 0.356242 0.486508
vt 0.875968 0.559594
vt 0.950121 0.208678
vt 0.921898 0.234771
vt 0.945605 0.254083
vt 0.984775 0.245556
vt 0.911409 0.167972
vt 0.895012 0.221327
vt 0.963200 0.144891
vt 0.967261 0.089818
vt 0.980263 0.180682
vt 0.965654 0.065167
vt 0.924401 0.090325
vt 0.795650 0.787703
vt 0.740032 0.822142
vt 0.746466 0.766940
vt 0.799426 0.744081
vt 0.722458 0.825010
vt 0.724208 0.770601
vt 0.771536 0.136082
vt 0.777940 0.097976
vt 0.733138 0.101202
vt 0.731730 0.136985
vt 0.559916 0.282986
vt 0.526053 0.299395
vt 0.531606 0.209478
vt 0.574924 0.216483
vt 0.457727 0.311595
vt 0.469804 0.197196
vt 0.835720 0.729310
vt 0.863737 0.112051
vt 0.860484 0.160425
vt 0.594658 0.274606
vt 0.635899 0.198576
vt 0.543321 0.156021
vt 0.590427 0.171088
vt 0.496277 0.144948
vt 0.534391 0.360055
vt 0.467150 0.375858
vt 0.324979 0.110112
vt 0.299251 0.141393
vt 0.271575 0.114201
vt 0.275724 0.086714
vt 0.851855 0.208670
vt 0.729420 0.176520
vt 0.769466 0.173244
vt 0.731384 0.061485
vt 0.784202 0.058603
vt 0.808671 0.015239
vt 0.793164 0.023940
vt 0.806809 0.050975
vt 0.821720 0.041182
vt 0.696204 0.106430
vt 0.693018 0.148255
vt 0.340721 0.222828
vt 0.364187 0.214496
vt 0.354037 0.341135
vt 0.338922 0.339339
vt 0.336567 0.179558
vt 0.364694 0.165859
vt 0.810678 0.189804
vt 0.819879 0.146121
vt 0.824256 0.104000
vt 0.420016 0.198915
vt 0.432120 0.145237
vt 0.407921 0.322544
vt 0.566447 0.346686
vt 0.340506 0.352482
vt 0.362361 0.411696
vt 0.353505 0.432841
vt 0.649846 0.303427
vt 0.598949 0.337764
vt 0.681986 0.281470
vt 0.795796 0.863009
vt 0.743632 0.879711
vt 0.836381 0.852457
vt 0.846097 0.728916
vt 0.247422 0.203411
vt 0.253840 0.271726
vt 0.216923 0.173884
vt 0.643304 0.182686
vt 0.650760 0.165537
vt 0.716108 0.241196
vt 0.713810 0.266488
vt 0.596240 0.150462
vt 0.601737 0.129045
vt 0.549070 0.133423
vt 0.556177 0.110117
vt 0.503528 0.123491
vt 0.508979 0.098915
vt 0.482817 0.094304
vt 0.466167 0.120277
vt 0.427133 0.089042
vt 0.452856 0.091286
vt 0.433834 0.117970
vt 0.411084 0.106985
vt 0.429510 0.067342
vt 0.458206 0.063435
vt 0.481503 0.070208
vt 0.509965 0.071985
vt 0.563469 0.081542
vt 0.609530 0.102510
vt 0.661579 0.140577
vt 0.711118 0.189105
vt 0.387835 0.125831
vt 0.408144 0.139459
vt 0.346209 0.149996
vt 0.790001 0.179754
vt 0.795958 0.139255
vt 0.802749 0.099906
vt 0.810467 0.061972
vt 0.845926 0.037554
vt 0.407572 0.151140
vt 0.396775 0.204094
vt 0.379766 0.332080
vt 0.414851 0.390899
vt 0.387122 0.401186
vt 0.777849 0.029036
vt 0.848115 0.978925
vt 0.791368 0.995020
vt 0.795257 0.928857
vt 0.817000 0.917728
vt 0.835033 0.906935
vt 0.863312 0.921582
vt 0.900258 0.754553
vt 0.931800 0.782440
vt 0.907122 0.842446
vt 0.878012 0.789862
vt 0.862330 0.713868
vt 0.865662 0.695973
vt 0.338396 0.081818
vt 0.277159 0.059036
vt 0.331494 0.216811
vt 0.305463 0.248660
vt 0.285829 0.252652
vt 0.334417 0.168626
vt 0.262647 0.264039
vt 0.685536 0.883947
vt 0.683527 0.829835
vt 0.679344 0.776042
vt 0.916588 0.031750
vt 0.959401 0.017823
vt 0.870187 0.036133
vt 0.689132 0.986468
vt 0.746521 0.976093
vt 0.973768 0.541082
vt 0.978421 0.547481
vt 0.971384 0.551786
vt 0.966003 0.544848
vt 0.963889 0.541593
vt 0.972107 0.536635
vt 0.961914 0.538544
vt 0.971212 0.531725
vt 0.960072 0.534712
vt 0.970966 0.521921
vt 0.951526 0.503330
vt 0.967192 0.495339
vt 0.966647 0.504208
vt 0.949369 0.508037
vt 0.921706 0.546862
vt 0.926940 0.568168
vt 0.901249 0.567724
vt 0.903518 0.549121
vt 0.963755 0.512507
vt 0.949804 0.513930
vt 0.926990 0.544274
vt 0.935082 0.566317
vt 0.882949 0.563511
vt 0.897790 0.547886
vt 0.960676 0.476013
vt 0.946237 0.488895
vt 0.943481 0.484841
vt 0.957224 0.470422
vt 0.939482 0.557185
vt 0.931482 0.540926
vt 0.948100 0.547598
vt 0.943688 0.551900
vt 0.933453 0.538451
vt 0.936121 0.534557
vt 0.915365 0.512233
vt 0.914991 0.513026
vt 0.906601 0.530686
vt 0.911723 0.520589
vt 0.914775 0.513885
vt 0.912311 0.519513
vt 0.917688 0.507672
vt 0.918848 0.505184
vt 0.912627 0.518434
vt 0.912803 0.517877
vt 0.913109 0.517120
vt 0.337170 0.138156
vt 0.728364 0.023476
vt 0.694995 0.066201
vt 0.964367 0.556130
vt 0.958519 0.548437
vt 0.955728 0.546345
vt 0.952310 0.545258
vt 0.354575 0.465228
vt 0.052199 0.832826
vt 0.078278 0.845089
vt 0.030770 0.920589
vt 0.030377 0.920531
vt 0.034561 0.821192
vt 0.533314 0.749722
vt 0.527175 0.781328
vt 0.584365 0.832705
vt 0.588674 0.810866
vt 0.533263 0.819535
vt 0.574756 0.862138
vt 0.333006 0.328865
vt 0.318220 0.275390
vt 0.328152 0.265829
vt 0.873086 0.685451
vt 0.908975 0.732311
vt 0.921641 0.634287
vt 0.934087 0.722704
vt 0.919572 0.705277
vt 0.391518 0.804982
vt 0.372004 0.746435
vt 0.371335 0.692570
vt 0.102070 0.585309
vt 0.134450 0.624694
vt 0.168399 0.699407
vt 0.891252 0.870507
vt 0.857429 0.820475
vt 0.854966 0.722362
vt 0.274163 0.258183
vt 0.335705 0.153398
vt 0.485061 0.876794
vt 0.069588 0.780956
vt 0.093969 0.813622
vt 0.047967 0.749580
vt 0.592514 0.789433
vt 0.602149 0.862007
vt 0.329985 0.238937
vt 0.311221 0.260725
vt 0.882109 0.672662
vt 0.921344 0.633773
vt 0.932833 0.755477
vt 0.878278 0.897403
vt 0.181830 0.667554
vt 0.157960 0.586593
vt 0.189474 0.558640
vt 0.215694 0.539390
vt 0.250792 0.532463
vt 0.310354 0.582090
vt 0.168870 0.470851
vt 0.128750 0.485176
vt 0.201019 0.463333
vt 0.243394 0.458166
vt 0.272949 0.455444
vt 0.312736 0.434558
vt 0.371237 0.597653
vt 0.331670 0.757550
vt 0.324271 0.702643
vt 0.115769 0.548518
s 1
usemtl Handle1Mtl.001
f 1/1/1 2/2/2 3/3/3
f 3/3/3 4/4/4 1/1/1
f 5/5/5 6/6/6 7/7/7
f 7/7/7 8/8/8 5/5/5
f 9/9/9 10/10/10 11/11/11
f 11/11/11 12/12/12 9/9/9
f 10/10/10 13/13/13 14/14/14
f 14/14/14 11/11/11 10/10/10
f 15/15/15 5/5/5 8/8/8
f 8/8/8 16/16/16 15/15/15
f 3/3/3 17/17/15 18/18/17
f 18/18/17 4/4/4 3/3/3
f 16/16/16 8/8/8 11/11/11
f 11/11/11 14/14/14 16/16/16
f 19/19/18 15/15/15 16/16/16
f 16/16/16 20/20/19 19/19/18
f 20/20/19 16/16/16 14/14/14
f 14/14/14 21/21/20 20/20/19
f 22/22/21 23/23/22 24/24/23
f 24/24/23 25/25/24 22/22/21
f 26/26/25 27/27/26 28/28/27
f 28/28/27 29/29/28 26/26/25
f 13/13/13 30/30/29 21/21/20
f 21/21/20 14/14/14 13/13/13
f 31/31/30 27/27/26 26/26/25
f 26/26/25 32/32/31 31/31/30
f 18/18/17 17/17/15 33/33/18
f 8/8/8 34/34/32 12/12/12
f 12/12/12 11/11/11 8/8/8
f 29/29/28 28/28/27 35/35/33
f 35/35/33 36/36/34 29/29/28
f 37/37/35 26/26/25 29/29/28
f 29/29/28 38/38/36 37/37/35
f 39/39/37 32/32/31 26/26/25
f 26/26/25 37/37/35 39/39/37
f 27/27/26 31/31/30 40/40/38
f 40/40/38 41/41/39 27/27/26
f 42/42/40 43/43/41 44/44/42
f 44/44/42 45/45/43 42/42/40
f 46/46/44 47/47/45 48/48/46
f 48/48/46 49/49/47 46/46/44
f 47/47/45 50/50/48 51/51/49
f 51/51/49 48/48/46 47/47/45
f 52/52/50 34/34/32 8/8/8
f 8/8/8 7/7/7 52/52/50
f 53/53/51 54/54/52 23/23/22
f 23/23/22 22/22/21 53/53/51
f 25/25/24 24/24/23 55/55/53
f 55/55/53 56/56/54 25/25/24
f 57/57/55 58/58/56 59/59/57
f 59/59/57 60/60/58 57/57/55
f 61/61/59 24/24/23 23/23/22
f 23/23/22 62/62/60 61/61/59
f 63/63/61 64/64/62 65/65/63
f 65/65/63 66/66/64 63/63/61
f 67/67/65 68/68/66 63/63/61
f 63/63/61 66/66/64 67/67/65
f 69/69/67 70/70/68 34/34/32
f 34/34/32 52/52/50 69/69/67
f 12/12/12 34/34/32 70/70/68
f 70/70/68 71/71/69 12/12/12
f 72/72/70 9/9/9 12/12/12
f 12/12/12 71/71/69 72/72/70
f 32/32/31 39/39/37 73/73/71
f 73/73/71 74/74/72 32/32/31
f 74/74/72 75/75/73 31/31/30
f 31/31/30 32/32/31 74/74/72
f 76/76/74 28/28/27 27/27/26
f 27/27/26 41/41/39 76/76/74
f 77/77/75 78/78/76 79/79/77
f 79/79/77 65/65/63 77/77/75
f 35/35/33 80/80/78 81/81/79
f 35/35/33 81/81/79 82/82/80
f 82/82/80 36/36/34 35/35/33
f 83/83/81 84/84/82 21/21/20
f 21/21/20 30/30/29 83/83/81
f 84/84/82 85/85/83 20/20/19
f 20/20/19 21/21/20 84/84/82
f 19/19/18 20/20/19 85/85/83
f 85/85/83 86/86/84 19/19/18
f 33/33/18 43/43/41 42/42/40
f 42/42/40 18/18/17 33/33/18
f 4/4/4 18/18/17 49/49/47
f 49/49/47 48/48/46 4/4/4
f 51/51/49 1/1/1 4/4/4
f 4/4/4 48/48/46 51/51/49
f 41/41/39 87/87/85 88/88/86
f 88/88/86 76/76/74 41/41/39
f 89/89/87 90/90/88 91/91/89
f 91/91/89 92/92/90 89/89/87
f 92/92/90 93/93/91 94/94/92
f 94/94/92 89/89/87 92/92/90
f 93/93/91 95/95/93 96/96/94
f 96/96/94 94/94/92 93/93/91
f 95/95/93 97/97/95 98/98/96
f 98/98/96 96/96/94 95/95/93
f 98/98/96 97/97/95 99/99/97
f 99/99/97 100/100/98 98/98/96
f 101/101/99 102/102/100 103/103/101
f 103/103/101 104/104/102 101/101/99
f 102/102/100 105/105/103 106/106/57
f 106/106/57 103/103/101 102/102/100
f 107/107/9 108/108/70 99/99/97
f 99/99/97 97/97/95 107/107/9
f 109/109/104 107/107/9 97/97/95
f 97/97/95 95/95/93 109/109/104
f 110/110/105 109/109/104 95/95/93
f 95/95/93 93/93/91 110/110/105
f 111/111/106 110/110/105 93/93/91
f 93/93/91 92/92/90 111/111/106
f 92/92/90 91/91/89 112/112/107
f 112/112/107 111/111/106 92/92/90
f 67/67/65 113/113/108 114/114/109
f 114/114/109 115/115/110 67/67/65
f 39/39/37 98/98/96 100/100/98
f 100/100/98 73/73/71 39/39/37
f 96/96/94 98/98/96 39/39/37
f 39/39/37 37/37/35 96/96/94
f 94/94/92 96/96/94 37/37/35
f 37/37/35 38/38/36 94/94/92
f 89/89/87 94/94/92 38/38/36
f 38/38/36 36/36/34 89/89/87
f 36/36/34 82/82/80 90/90/88
f 90/90/88 89/89/87 36/36/34
f 116/116/111 117/117/112 70/70/68
f 70/70/68 69/69/67 116/116/111
f 71/71/69 70/70/68 117/117/112
f 117/117/112 118/118/113 71/71/69
f 57/57/55 60/60/58 119/119/114
f 60/60/58 72/72/70 119/119/114
f 119/119/114 72/72/70 71/71/69
f 71/71/69 118/118/113 119/119/114
f 108/108/70 105/105/103 102/102/100
f 102/102/100 99/99/97 108/108/70
f 100/100/98 99/99/97 102/102/100
f 102/102/100 101/101/99 100/100/98
f 120/120/115 113/113/108 67/67/65
f 121/121/116 120/120/115 67/67/65
f 67/67/65 66/66/64 121/121/116
f 121/121/116 122/122/117 75/75/73
f 75/75/73 74/74/72 121/121/116
f 122/122/117 123/123/118 124/124/119
f 124/124/119 75/75/73 122/122/117
f 117/117/112 116/116/111 53/53/51
f 53/53/51 22/22/21 117/117/112
f 117/117/112 22/22/21 25/25/24
f 25/25/24 118/118/113 117/117/112
f 57/57/55 119/119/114 56/56/54
f 58/58/56 57/57/55 56/56/54
f 56/56/54 125/125/120 58/58/56
f 122/122/117 121/121/116 66/66/64
f 66/66/64 65/65/63 122/122/117
f 123/123/118 122/122/117 65/65/63
f 65/65/63 79/79/77 123/123/118
f 74/74/72 73/73/71 120/120/115
f 120/120/115 121/121/116 74/74/72
f 100/100/98 101/101/99 73/73/71
f 73/73/71 101/101/99 120/120/115
f 120/120/115 101/101/99 113/113/108
f 113/113/108 101/101/99 104/104/102
f 104/104/102 114/114/109 113/113/108
f 81/81/79 126/126/121 127/127/122
f 127/127/122 82/82/80 81/81/79
f 128/128/123 129/129/124 127/127/122
f 130/130/125 129/129/124 128/128/123
f 128/128/123 131/131/126 130/130/125
f 131/131/126 132/132/127 133/133/128
f 133/133/128 130/130/125 131/131/126
f 134/134/129 135/135/130 136/136/131
f 137/137/132 135/135/130 134/134/129
f 138/138/133 139/139/134 140/140/135
f 140/140/135 141/141/136 138/138/133
f 142/142/137 143/143/134 144/144/138
f 144/144/138 145/145/139 142/142/137
f 146/146/140 147/147/141 47/47/45
f 47/47/45 46/46/44 146/146/140
f 50/50/48 47/47/45 147/147/141
f 147/147/141 148/148/142 50/50/48
f 145/145/139 149/149/143 150/150/144
f 150/150/144 142/142/137 145/145/139
f 45/45/43 46/46/44 49/49/47
f 49/49/47 42/42/40 45/45/43
f 18/18/17 42/42/40 49/49/47
f 36/36/34 38/38/36 29/29/28
f 80/80/78 35/35/33 28/28/27
f 28/28/27 76/76/74 80/80/78
f 118/118/113 25/25/24 56/56/54
f 56/56/54 119/119/114 118/118/113
f 136/136/131 151/151/145 134/134/129
f 152/152/51 153/153/146 154/154/147
f 154/154/147 155/155/148 152/152/51
f 156/156/149 153/153/146 152/152/51
f 152/152/51 157/157/150 156/156/149
f 158/158/151 156/156/149 157/157/150
f 157/157/150 159/159/67 158/158/151
f 160/160/152 158/158/151 159/159/67
f 159/159/67 161/161/153 160/160/152
f 162/162/154 163/163/155 164/164/2
f 164/164/2 165/165/1 162/162/154
f 166/166/156 167/167/157 168/168/158
f 168/168/158 169/169/159 166/166/156
f 163/163/155 170/170/160 171/171/161
f 171/171/161 164/164/2 163/163/155
f 172/172/162 166/166/156 169/169/159
f 169/169/159 173/173/163 172/172/162
f 174/174/164 175/175/76 168/168/158
f 168/168/158 167/167/157 174/174/164
f 171/171/161 170/170/160 161/161/153
f 176/176/165 177/177/166 178/178/49
f 178/178/49 179/179/167 176/176/165
f 177/177/166 162/162/154 165/165/1
f 165/165/1 178/178/49 177/177/166
f 180/180/168 181/181/169 172/172/162
f 172/172/162 173/173/163 180/180/168
f 182/182/101 183/183/170 184/184/171
f 184/184/171 185/185/172 182/182/101
f 185/185/172 184/184/171 181/181/169
f 181/181/169 180/180/168 185/185/172
f 186/186/173 176/176/165 179/179/167
f 179/179/167 187/187/142 186/186/173
f 170/170/160 183/183/170 160/160/152
f 160/160/152 161/161/153 170/170/160
f 188/188/174 163/163/155 162/162/154
f 188/188/174 167/167/157 166/166/156
f 163/163/155 188/188/174 170/170/160
f 172/172/162 188/188/174 166/166/156
f 188/188/174 174/174/164 167/167/157
f 176/176/165 188/188/174 177/177/166
f 177/177/166 188/188/174 162/162/154
f 181/181/169 188/188/174 172/172/162
f 183/183/170 188/188/174 184/184/171
f 184/184/171 188/188/174 181/181/169
f 174/174/164 188/188/174 189/189/175
f 189/189/175 190/190/176 174/174/164
f 176/176/165 186/186/173 191/191/177
f 191/191/177 188/188/174 176/176/165
f 170/170/160 188/188/174 183/183/170
f 146/146/140 46/46/44 45/45/43
f 192/192/178 137/137/132 134/134/129
f 141/141/136 140/140/135 193/193/179
f 193/193/179 194/194/180 141/141/136
f 195/195/181 196/196/182 197/197/183
f 197/197/183 198/198/184 195/195/181
f 199/199/185 150/150/144 149/149/143
f 149/149/143 200/200/186 199/199/185
f 147/147/141 146/146/140 201/201/187
f 201/201/187 202/202/188 147/147/141
f 147/147/141 202/202/188 203/203/189
f 203/203/189 148/148/142 147/147/141
f 187/187/142 204/204/190 205/205/191
f 205/205/191 186/186/173 187/187/142
f 191/191/177 186/186/173 205/205/191
f 205/205/191 206/206/192 191/191/177
f 55/55/53 207/207/193 125/125/120
f 125/125/120 56/56/54 55/55/53
f 208/208/194 55/55/53 24/24/23
f 24/24/23 61/61/59 208/208/194
f 153/153/146 209/209/195 210/210/194
f 210/210/194 154/154/147 153/153/146
f 156/156/149 211/211/196 209/209/195
f 209/209/195 153/153/146 156/156/149
f 158/158/151 212/212/197 211/211/196
f 211/211/196 156/156/149 158/158/151
f 160/160/152 182/182/101 212/212/197
f 212/212/197 158/158/151 160/160/152
f 183/183/170 182/182/101 160/160/152
f 126/126/121 81/81/79 80/80/78
f 80/80/78 213/213/198 126/126/121
f 214/214/199 87/87/85 41/41/39
f 41/41/39 40/40/38 214/214/199
f 215/215/200 124/124/119 123/123/118
f 123/123/118 216/216/201 215/215/200
f 216/216/201 123/123/118 79/79/77
f 79/79/77 217/217/202 216/216/201
f 78/78/76 218/218/203 217/217/202
f 217/217/202 79/79/77 78/78/76
f 175/175/76 174/174/164 190/190/176
f 190/190/176 219/219/203 175/175/76
f 76/76/74 88/88/86 213/213/198
f 213/213/198 80/80/78 76/76/74
f 124/124/119 215/215/200 214/214/199
f 214/214/199 40/40/38 124/124/119
f 75/75/73 124/124/119 40/40/38
f 40/40/38 31/31/30 75/75/73
f 220/220/204 221/221/205 222/222/206
f 222/222/206 223/223/207 220/220/204
f 220/220/204 224/224/208 225/225/209
f 225/225/209 221/221/205 220/220/204
f 226/226/210 227/227/211 224/224/208
f 224/224/208 220/220/204 226/226/210
f 228/228/212 226/226/210 220/220/204
f 220/220/204 223/223/207 228/228/212
f 227/227/211 229/229/213 230/230/214
f 230/230/214 224/224/208 227/227/211
f 231/231/215 232/232/216 233/233/217
f 233/233/217 234/234/218 231/231/215
f 232/232/216 235/235/219 236/236/220
f 236/236/220 233/233/217 232/232/216
f 237/237/221 238/238/222 239/239/223
f 239/239/223 240/240/224 237/237/221
f 241/241/225 242/242/226 243/243/227
f 243/243/227 244/244/228 241/241/225
f 245/245/229 246/246/230 243/243/227
f 243/243/227 242/242/226 245/245/229
f 247/247/231 231/231/215 234/234/218
f 224/224/208 230/230/214 248/248/232
f 248/248/232 249/249/233 224/224/208
f 250/250/234 241/241/225 244/244/228
f 244/244/228 251/251/235 250/250/234
f 244/244/228 243/243/227 252/252/236
f 252/252/236 253/253/237 244/244/228
f 243/243/227 246/246/230 254/254/238
f 254/254/238 252/252/236 243/243/227
f 242/242/226 255/255/239 256/256/240
f 256/256/240 245/245/229 242/242/226
f 257/257/241 258/258/242 259/259/243
f 259/259/243 260/260/244 257/257/241
f 224/224/208 249/249/233 261/261/245
f 261/261/245 225/225/209 224/224/208
f 240/240/224 262/262/246 263/263/247
f 263/263/247 237/237/221 240/240/224
f 264/264/248 239/239/223 238/238/222
f 238/238/222 265/265/249 264/264/248
f 266/266/250 267/267/251 268/268/252
f 268/268/252 269/269/253 266/266/250
f 240/240/224 239/239/223 270/270/254
f 270/270/254 271/271/255 240/240/224
f 272/272/256 273/273/257 274/274/258
f 274/274/258 275/275/259 272/272/256
f 272/272/256 276/276/260 277/277/261
f 277/277/261 273/273/257 272/272/256
f 278/278/262 261/261/245 249/249/233
f 249/249/233 279/279/263 278/278/262
f 248/248/232 280/280/264 279/279/263
f 279/279/263 249/249/233 248/248/232
f 246/246/230 281/281/265 282/282/266
f 282/282/266 254/254/238 246/246/230
f 281/281/265 246/246/230 245/245/229
f 245/245/229 283/283/267 281/281/265
f 284/284/268 255/255/239 242/242/226
f 242/242/226 241/241/225 284/284/268
f 285/285/269 274/274/258 286/286/270
f 286/286/270 287/287/271 285/285/269
f 250/250/234 288/288/272 289/289/273
f 250/250/234 251/251/235 290/290/274
f 290/290/274 288/288/272 250/250/234
f 232/232/216 291/291/275 292/292/276
f 292/292/276 235/235/219 232/232/216
f 231/231/215 293/293/277 291/291/275
f 291/291/275 232/232/216 231/231/215
f 294/294/278 293/293/277 231/231/215
f 231/231/215 247/247/231 294/294/278
f 295/295/279 258/258/242 296/296/212
f 258/258/242 295/295/279 297/297/280
f 297/297/280 259/259/243 258/258/242
f 88/88/86 87/87/85 255/255/239
f 255/255/239 284/284/268 88/88/86
f 298/298/281 299/299/282 300/300/283
f 300/300/283 301/301/284 298/298/281
f 299/299/282 298/298/281 302/302/285
f 302/302/285 303/303/286 299/299/282
f 303/303/286 302/302/285 304/304/287
f 304/304/287 305/305/288 303/303/286
f 305/305/288 304/304/287 306/306/289
f 306/306/289 307/307/290 305/305/288
f 308/308/291 307/307/290 306/306/289
f 306/306/289 309/309/292 308/308/291
f 310/310/293 311/311/294 312/312/295
f 312/312/295 313/313/296 310/310/293
f 311/311/294 310/310/293 314/314/297
f 314/314/297 315/315/298 311/311/294
f 308/308/291 316/316/299 317/317/300
f 317/317/300 307/307/290 308/308/291
f 318/318/301 305/305/288 307/307/290
f 307/307/290 317/317/300 318/318/301
f 319/319/302 303/303/286 305/305/288
f 305/305/288 318/318/301 319/319/302
f 320/320/303 299/299/282 303/303/286
f 303/303/286 319/319/302 320/320/303
f 299/299/282 320/320/303 321/321/304
f 321/321/304 300/300/283 299/299/282
f 322/322/305 323/323/306 277/277/261
f 277/277/261 324/324/307 322/322/305
f 309/309/292 306/306/289 254/254/238
f 254/254/238 282/282/266 309/309/292
f 304/304/287 252/252/236 254/254/238
f 254/254/238 306/306/289 304/304/287
f 302/302/285 253/253/237 252/252/236
f 252/252/236 304/304/287 302/302/285
f 298/298/281 251/251/235 253/253/237
f 253/253/237 302/302/285 298/298/281
f 251/251/235 298/298/281 301/301/284
f 301/301/284 290/290/274 251/251/235
f 325/325/308 278/278/262 279/279/263
f 279/279/263 326/326/309 325/325/308
f 280/280/264 327/327/310 326/326/309
f 326/326/309 279/279/263 280/280/264
f 268/268/252 328/328/311 269/269/253
f 269/269/253 328/328/311 329/329/299
f 311/311/294 315/315/298 316/316/299
f 316/316/299 308/308/291 311/311/294
f 309/309/292 312/312/295 311/311/294
f 311/311/294 308/308/291 309/309/292
f 330/330/312 277/277/261 323/323/306
f 331/331/313 273/273/257 277/277/261
f 277/277/261 330/330/312 331/331/313
f 331/331/313 281/281/265 283/283/267
f 283/283/267 332/332/314 331/331/313
f 332/332/314 283/283/267 333/333/315
f 333/333/315 334/334/316 332/332/314
f 263/263/247 325/325/308 326/326/309
f 326/326/309 237/237/221 263/263/247
f 238/238/222 237/237/221 326/326/309
f 326/326/309 327/327/310 238/238/222
f 268/268/252 265/265/249 328/328/311
f 267/267/251 335/335/317 265/265/249
f 265/265/249 268/268/252 267/267/251
f 273/273/257 331/331/313 332/332/314
f 332/332/314 274/274/258 273/273/257
f 274/274/258 332/332/314 334/334/316
f 334/334/316 286/286/270 274/274/258
f 330/330/312 282/282/266 281/281/265
f 281/281/265 331/331/313 330/330/312
f 309/309/292 282/282/266 312/312/295
f 282/282/266 330/330/312 312/312/295
f 330/330/312 323/323/306 312/312/295
f 313/313/296 312/312/295 323/323/306
f 323/323/306 322/322/305 313/313/296
f 290/290/274 127/127/122 126/126/121
f 126/126/121 288/288/272 290/290/274
f 128/128/123 127/127/122 290/290/274
f 290/290/274 301/301/284 128/128/123
f 131/131/126 128/128/123 301/301/284
f 301/301/284 300/300/283 131/131/126
f 131/131/126 300/300/283 321/321/304
f 321/321/304 132/132/127 131/131/126
f 336/336/318 337/337/319 338/338/320
f 336/336/318 339/339/321 340/340/322
f 340/340/322 341/341/323 336/336/318
f 342/342/324 343/343/180 344/344/179
f 344/344/179 345/345/325 342/342/324
f 346/346/326 347/347/327 342/342/324
f 342/342/324 345/345/325 346/346/326
f 348/348/328 257/257/241 260/260/244
f 260/260/244 349/349/189 348/348/328
f 350/350/186 351/351/329 352/352/326
f 352/352/326 353/353/330 350/350/186
f 354/354/278 296/296/212 258/258/242
f 258/258/242 257/257/241 354/354/278
f 251/251/235 244/244/228 253/253/237
f 241/241/225 250/250/234 289/289/273
f 289/289/273 284/284/268 241/241/225
f 235/235/219 292/292/276 355/355/304
f 355/355/304 356/356/331 235/235/219
f 357/357/332 236/236/220 235/235/219
f 235/235/219 356/356/331 357/357/332
f 358/358/301 230/230/214 229/229/213
f 229/229/213 359/359/333 358/358/301
f 360/360/300 248/248/232 230/230/214
f 230/230/214 358/358/301 360/360/300
f 329/329/299 280/280/264 248/248/232
f 248/248/232 360/360/300 329/329/299
f 328/328/311 327/327/310 280/280/264
f 280/280/264 329/329/299 328/328/311
f 265/265/249 238/238/222 327/327/310
f 327/327/310 328/328/311 265/265/249
f 338/338/320 339/339/321 336/336/318
f 361/361/334 355/355/304 292/292/276
f 292/292/276 362/362/335 361/361/334
f 363/363/336 364/364/246 365/365/337
f 365/365/337 366/366/338 363/363/336
f 363/363/336 366/366/338 367/367/339
f 367/367/339 368/368/340 363/363/336
f 368/368/340 367/367/339 369/369/341
f 369/369/341 370/370/342 368/368/340
f 370/370/342 369/369/341 371/371/343
f 371/371/343 372/372/344 370/370/342
f 373/373/345 374/374/206 375/375/205
f 375/375/205 376/376/346 373/373/345
f 377/377/347 378/378/256 379/379/269
f 379/379/269 380/380/348 377/377/347
f 381/381/349 382/382/350 376/376/346
f 376/376/346 375/375/205 381/381/349
f 378/378/256 377/377/347 383/383/351
f 383/383/351 384/384/352 378/378/256
f 379/379/269 385/385/353 189/189/175
f 379/379/269 189/189/175 386/386/354
f 380/380/348 379/379/269 386/386/354
f 381/381/349 372/372/344 382/382/350
f 387/387/355 388/388/356 389/389/357
f 389/389/357 390/390/244 387/387/355
f 374/374/206 373/373/345 388/388/356
f 388/388/356 387/387/355 374/374/206
f 391/391/358 384/384/352 383/383/351
f 383/383/351 392/392/359 391/391/358
f 393/393/360 394/394/361 395/395/362
f 395/395/362 396/396/363 393/393/360
f 394/394/361 391/391/358 392/392/359
f 392/392/359 395/395/362 394/394/361
f 390/390/244 389/389/357 205/205/191
f 205/205/191 204/204/190 390/390/244
f 371/371/343 396/396/363 382/382/350
f 382/382/350 372/372/344 371/371/343
f 397/397/364 373/373/345 376/376/346
f 376/376/346 398/398/365 397/397/364
f 399/399/366 400/400/367 377/377/347
f 377/377/347 380/380/348 399/399/366
f 382/382/350 401/401/368 398/398/365
f 398/398/365 376/376/346 382/382/350
f 383/383/351 377/377/347 400/400/367
f 400/400/367 402/402/369 383/383/351
f 386/386/354 399/399/366 380/380/348
f 388/388/356 403/403/370 404/404/371
f 404/404/371 389/389/357 388/388/356
f 373/373/345 397/397/364 403/403/370
f 403/403/370 388/388/356 373/373/345
f 392/392/359 383/383/351 402/402/369
f 402/402/369 405/405/372 392/392/359
f 396/396/363 395/395/362 406/406/373
f 406/406/373 407/407/374 396/396/363
f 395/395/362 392/392/359 405/405/372
f 405/405/372 406/406/373 395/395/362
f 389/389/357 404/404/371 206/206/192
f 206/206/192 205/205/191 389/389/357
f 396/396/363 407/407/374 401/401/368
f 401/401/368 382/382/350 396/396/363
f 408/408/375 354/354/278 257/257/241
f 257/257/241 348/348/328 408/408/375
f 335/335/317 409/409/376 264/264/248
f 264/264/248 265/265/249 335/335/317
f 239/239/223 264/264/248 410/410/376
f 410/410/376 270/270/254 239/239/223
f 366/366/338 365/365/337 411/411/377
f 411/411/377 412/412/378 366/366/338
f 367/367/339 366/366/338 412/412/378
f 412/412/378 413/413/251 367/367/339
f 369/369/341 367/367/339 413/413/251
f 413/413/251 414/414/379 369/369/341
f 371/371/343 369/369/341 414/414/379
f 414/414/379 393/393/360 371/371/343
f 396/396/363 371/371/343 393/393/360
f 256/256/240 255/255/239 87/87/85
f 87/87/85 214/214/199 256/256/240
f 334/334/316 333/333/315 215/215/200
f 215/215/200 216/216/201 334/334/316
f 286/286/270 334/334/316 216/216/201
f 216/216/201 217/217/202 286/286/270
f 287/287/271 286/286/270 217/217/202
f 217/217/202 415/415/203 287/287/271
f 219/219/203 190/190/176 189/189/175
f 189/189/175 385/385/353 219/219/203
f 126/126/121 213/213/198 289/289/273
f 289/289/273 288/288/272 126/126/121
f 284/284/268 289/289/273 213/213/198
f 213/213/198 88/88/86 284/284/268
f 214/214/199 215/215/200 333/333/315
f 333/333/315 256/256/240 214/214/199
f 283/283/267 245/245/229 256/256/240
f 256/256/240 333/333/315 283/283/267
f 416/416/380 417/417/381 418/418/181
f 418/418/181 419/419/184 416/416/380
f 419/419/184 420/420/382 416/416/380
f 144/144/138 421/421/383 422/422/384
f 422/422/384 145/145/139 144/144/138
f 197/197/183 423/423/385 424/424/386
f 200/200/186 149/149/143 425/425/387
f 425/425/387 426/426/388 200/200/186
f 427/427/182 428/428/389 429/429/390
f 347/347/327 430/430/391 431/431/392
f 431/431/392 342/342/324 347/347/327
f 432/432/393 433/433/394 434/434/395
f 142/142/137 150/150/144 435/435/396
f 435/435/396 436/436/397 142/142/137
f 437/437/398 143/143/134 142/142/137
f 142/142/137 436/436/397 437/437/398
f 139/139/134 438/438/399 439/439/400
f 439/439/400 140/140/135 139/139/134
f 140/140/135 439/439/400 440/440/401
f 440/440/401 193/193/179 140/140/135
f 344/344/179 441/441/401 442/442/402
f 442/442/402 345/345/325 344/344/179
f 443/443/403 346/346/326 345/345/325
f 345/345/325 442/442/402 443/443/403
f 353/353/330 352/352/326 444/444/404
f 444/444/404 445/445/405 353/353/330
f 446/446/405 435/435/396 150/150/144
f 150/150/144 199/199/185 446/446/405
f 447/447/406 141/141/136 194/194/180
f 194/194/180 448/448/407 447/447/406
f 449/449/408 138/138/133 141/141/136
f 141/141/136 450/447/409 449/449/408
f 197/197/183 424/424/386 451/450/382
f 451/450/382 198/198/184 197/197/183
f 452/422/410 453/425/411 149/149/143
f 149/149/143 145/145/139 452/422/410
f 196/196/182 454/451/412 423/423/385
f 423/423/385 197/197/183 196/196/182
f 455/452/413 456/453/414 351/351/329
f 351/351/329 350/350/186 455/452/413
f 432/432/393 434/434/395 457/454/415
f 457/454/415 458/455/182 432/432/393
f 459/431/416 460/456/417 343/343/180
f 343/343/180 342/342/324 459/431/416
f 291/291/275 339/339/321 338/338/320
f 338/338/320 292/292/276 291/291/275
f 340/340/322 339/339/321 291/291/275
f 291/291/275 293/293/277 340/340/322
f 461/457/418 341/341/323 340/340/322
f 340/340/322 293/293/277 461/457/418
f 462/458/419 463/459/420 137/137/132
f 137/137/132 192/192/178 462/458/419
f 464/460/421 135/135/130 137/137/132
f 137/137/132 463/459/420 464/460/421
f 136/136/131 135/135/130 464/460/421
f 464/460/421 465/461/422 136/136/131
f 466/462/423 151/151/145 136/136/131
f 136/136/131 465/461/422 466/462/423
f 466/462/423 467/463/424 151/151/145
f 338/338/320 337/337/319 362/362/335
f 362/362/335 292/292/276 338/338/320
f 468/464/425 464/460/421 463/459/420
f 463/459/420 469/465/426 468/464/425
f 465/461/422 464/460/421 468/464/425
f 468/464/425 470/466/427 465/461/422
f 471/467/428 466/462/423 465/461/422
f 465/461/422 470/466/427 471/467/428
f 399/399/366 386/386/354 189/189/175
f 189/189/175 188/188/174 399/399/366
f 188/188/174 400/400/367 399/399/366
f 402/402/369 400/400/367 188/188/174
f 405/405/372 402/402/369 188/188/174
f 406/406/373 405/405/372 188/188/174
f 407/407/374 406/406/373 188/188/174
f 401/401/368 407/407/374 188/188/174
f 398/398/365 401/401/368 188/188/174
f 188/188/174 397/397/364 398/398/365
f 403/403/370 397/397/364 188/188/174
f 404/404/371 403/403/370 188/188/174
f 206/206/192 404/404/371 188/188/174
f 188/188/174 191/191/177 206/206/192
f 467/463/424 472/468/429 473/469/430
f 473/469/430 474/470/431 467/463/424
f 466/462/423 471/467/428 472/468/429
f 472/468/429 467/463/424 466/462/423
f 475/471/432 146/146/140 45/45/43
f 45/45/43 44/44/42 476/472/433
f 476/472/433 475/471/432 45/45/43
f 463/459/420 477/473/433 469/465/426
f 86/86/84 468/464/425 469/465/426
f 470/466/427 468/464/425 86/86/84
f 86/86/84 85/85/83 470/466/427
f 85/85/83 84/84/82 471/467/428
f 471/467/428 470/466/427 85/85/83
f 472/468/429 471/467/428 84/84/82
f 473/469/430 472/468/429 84/84/82
f 84/84/82 83/83/81 473/469/430
f 133/133/128 112/112/107 91/91/89
f 91/91/89 130/130/125 133/133/128
f 90/90/88 129/129/124 130/130/125
f 130/130/125 91/91/89 90/90/88
f 129/129/124 90/90/88 82/82/80
f 82/82/80 127/127/122 129/129/124
f 476/472/433 437/437/398 436/436/397
f 436/436/397 475/471/432 476/472/433
f 438/438/399 477/473/433 463/459/420
f 463/459/420 439/439/400 438/438/399
f 439/439/400 463/459/420 462/458/419
f 462/458/419 440/440/401 439/439/400
f 441/441/401 461/457/418 293/293/277
f 293/293/277 442/442/402 441/441/401
f 294/294/278 443/443/403 442/442/402
f 442/442/402 293/293/277 294/294/278
f 445/445/405 444/444/404 354/354/278
f 354/354/278 408/408/375 445/445/405
f 201/201/187 146/146/140 435/435/396
f 435/435/396 446/446/405 201/201/187
f 436/436/397 435/435/396 146/146/140
f 146/146/140 475/471/432 436/436/397
f 426/426/388 425/425/387 423/423/385
f 423/423/385 454/451/412 426/426/388
f 429/429/390 428/428/389 456/453/414
f 456/453/414 455/452/413 429/429/390
f 431/431/392 430/430/391 457/454/415
f 457/454/415 434/434/395 431/431/392
f 434/434/395 433/433/394 460/456/417
f 460/456/417 459/431/416 434/434/395
f 416/416/380 447/447/406 448/448/407
f 448/448/407 417/417/381 416/416/380
f 420/420/382 449/449/408 450/447/409
f 450/447/409 416/416/380 420/420/382
f 421/421/383 451/450/382 424/424/386
f 424/424/386 422/422/384 421/421/383
f 424/424/386 423/423/385 453/425/411
f 453/425/411 452/422/410 424/424/386
o Handle2
v 0.233498 -0.992117 0.726572
v 0.153335 -1.001640 0.760919
v 0.153335 -1.001640 0.692169
v 0.153335 -1.001640 0.760919
v 0.073228 -1.011230 0.726572
v -0.151822 -1.001270 0.780877
v -0.231378 -0.987781 0.815225
v -0.231378 -0.987781 0.746474
v -0.231378 -0.987781 0.815225
v -0.310879 -0.974239 0.780877
v -0.000098 0.151157 -0.596108
v 0.186525 0.149818 -0.565510
v 0.200363 0.032059 -0.612428
v -0.000980 0.033504 -0.645507
v -0.000098 0.151157 -0.596108
v -0.000429 0.108548 -0.523168
v -0.000429 0.108548 -0.523168
v 0.164472 0.107371 -0.496209
v 0.204939 -0.097475 -0.630070
v -0.001972 -0.095977 -0.664031
v -0.000980 0.033504 -0.645507
v 0.200363 0.032059 -0.612428
v -0.002083 -0.111981 -0.583979
v 0.204939 -0.097475 -0.630070
v 0.204939 -0.097475 -0.630070
v 0.180902 -0.113266 -0.553932
v -0.383984 0.036234 -0.516663
v -0.355040 0.153726 -0.476693
v -0.186721 0.152495 -0.565510
v -0.202379 0.034949 -0.612428
v -0.202379 0.034949 -0.612428
v -0.208884 -0.094478 -0.630070
v -0.208884 -0.094478 -0.630070
v -0.395507 -0.093193 -0.531604
v -0.395507 -0.093193 -0.531604
v -0.185122 -0.110643 -0.553932
v -0.185122 -0.110643 -0.553932
v -0.350133 -0.109465 -0.466824
v -0.202379 0.034949 -0.612428
v -0.000980 0.033504 -0.645507
v -0.001972 -0.095977 -0.664031
v -0.208884 -0.094478 -0.630070
v -0.202379 0.034949 -0.612428
v -0.208884 -0.094478 -0.630070
v -0.002083 -0.111981 -0.583979
v -0.002083 -0.111981 -0.583979
v -0.185122 -0.110643 -0.553932
v -0.528156 0.037251 -0.367421
v -0.488681 0.154689 -0.338366
v -0.355040 0.153726 -0.476693
v -0.383984 0.036234 -0.516663
v -0.395507 -0.093193 -0.531604
v -0.395507 -0.093193 -0.531604
v -0.543593 -0.092123 -0.378282
v -0.314021 0.110797 -0.417756
v -0.355040 0.153726 -0.476693
v -0.488681 0.154689 -0.338366
v -0.432060 0.111653 -0.295528
v -0.543593 -0.092123 -0.378282
v -0.350133 -0.109465 -0.466824
v -0.350133 -0.109465 -0.466824
v -0.481183 -0.108502 -0.331199
v 0.186525 0.149818 -0.565510
v 0.354844 0.148641 -0.476693
v 0.382024 0.030721 -0.516663
v 0.200363 0.032059 -0.612428
v 0.391507 -0.098813 -0.531604
v 0.354844 0.148641 -0.476693
v 0.164472 0.107371 -0.496209
v 0.313164 0.106300 -0.417756
v 0.354844 0.148641 -0.476693
v 0.200363 0.032059 -0.612428
v 0.186525 0.149818 -0.565510
v 0.391507 -0.098813 -0.531604
v 0.204939 -0.097475 -0.630070
v 0.354844 0.148641 -0.476693
v 0.488485 0.147677 -0.338366
v 0.526140 0.029704 -0.367421
v 0.382024 0.030721 -0.516663
v 0.539648 -0.099884 -0.378282
v 0.354844 0.148641 -0.476693
v 0.539648 -0.099884 -0.378282
v 0.391507 -0.098813 -0.531604
v 0.488485 0.147677 -0.338366
v 0.313164 0.106300 -0.417756
v 0.313164 0.106300 -0.417756
v 0.431202 0.105444 -0.295528
v 0.488485 0.147677 -0.338366
v 0.574271 0.147035 -0.164092
v 0.618708 0.029061 -0.179309
v 0.431202 0.105444 -0.295528
v 0.526140 0.029704 -0.367421
v 0.634751 -0.100526 -0.185043
v 0.539648 -0.099884 -0.378282
v 0.506954 0.104909 -0.141543
v 0.574271 0.147035 -0.164092
v 0.476962 -0.115353 -0.331199
v 0.634751 -0.100526 -0.185043
v 0.561094 -0.115995 -0.160343
v 0.476962 -0.115353 -0.331199
v -0.620668 0.037947 -0.179309
v -0.574467 0.155278 -0.164092
v -0.488681 0.154689 -0.338366
v -0.432060 0.111653 -0.295528
v -0.528156 0.037251 -0.367421
v -0.543593 -0.092123 -0.378282
v -0.638696 -0.091427 -0.185043
v -0.507812 0.112188 -0.141543
v -0.432060 0.111653 -0.295528
v -0.481183 -0.108502 -0.331199
v -0.565315 -0.107913 -0.160343
v -0.638696 -0.091427 -0.185043
v -0.543593 -0.092123 -0.378282
v -0.604018 0.155492 0.029146
v -0.574467 0.155278 -0.164092
v -0.620668 0.037947 -0.179309
v -0.507812 0.112188 -0.141543
v -0.652589 0.038160 0.029146
v -0.638696 -0.091427 -0.185043
v -0.671500 -0.091159 0.029146
v -0.652589 0.038160 0.029146
v -0.565315 -0.107913 -0.160343
v -0.594259 -0.107699 0.029146
v 0.574271 0.147035 -0.164092
v 0.603822 0.146875 0.029146
v 0.650574 0.028847 0.029146
v 0.506954 0.104909 -0.141543
v 0.533032 0.104748 0.029146
v 0.603822 0.146875 0.029146
v 0.574271 0.147035 -0.164092
v 0.618708 0.029061 -0.179309
v 0.667500 -0.100795 0.029146
v 0.634751 -0.100526 -0.185043
v 0.590094 -0.116211 0.029146
v 0.561094 -0.115995 -0.160343
v 0.561094 -0.115995 -0.160343
v 0.634751 -0.100526 -0.185043
v -0.186721 0.152495 -0.565510
v -0.000098 0.151157 -0.596108
v -0.000980 0.033504 -0.645507
v -0.000429 0.108548 -0.523168
v -0.202379 0.034949 -0.612428
v -0.186721 0.152495 -0.565510
v -0.186721 0.152495 -0.565510
v -0.165330 0.109726 -0.496209
v -0.094870 0.092008 0.773434
v -0.122657 0.047152 0.822116
v -0.000925 0.046403 0.856353
v -0.105621 -0.006802 0.808719
v -0.000925 0.046403 0.856353
v 0.120862 0.045386 0.822116
v 0.093792 0.090670 0.773434
v 0.103000 -0.008301 0.808719
v 0.603822 0.146875 0.029146
v 0.574271 0.147035 0.222385
v 0.618708 0.029061 0.237602
v 0.506954 0.104908 0.199836
v 0.533032 0.104748 0.029146
v 0.506954 0.104908 0.199836
v 0.618708 0.029061 0.237602
v 0.650574 0.028847 0.029146
v 0.634751 -0.100527 0.243336
v 0.667500 -0.100795 0.029146
v 0.634751 -0.100527 0.243336
v 0.561094 -0.115997 0.218636
v 0.590094 -0.116211 0.029146
v -0.574467 0.155278 0.222385
v -0.604018 0.155492 0.029146
v -0.652589 0.038160 0.029146
v -0.620668 0.037946 0.237602
v -0.671500 -0.091159 0.029146
v -0.574467 0.155278 0.222385
v -0.594259 -0.107699 0.029146
v -0.565315 -0.107914 0.218636
v -0.671500 -0.091159 0.029146
v -0.638696 -0.091428 0.243336
v -0.565315 -0.107914 0.218636
v -0.671500 -0.091159 0.029146
v -0.604018 0.155492 0.029146
v -0.507812 0.112187 0.199836
v -0.533889 0.112348 0.029146
v -0.037312 -0.268761 0.815225
v 0.042189 -0.282304 0.780877
v 0.092524 0.064549 0.780877
v -0.049166 -0.632795 0.780877
v -0.037312 -0.268761 0.815225
v -0.128722 -0.619307 0.815225
v -0.116868 -0.255273 0.780877
v -0.049166 -0.632795 0.780877
v -0.116868 -0.255273 0.780877
v -0.208278 -0.605818 0.780877
v 0.012968 0.078037 0.815225
v -0.066588 0.091526 0.780877
v -0.037312 -0.268761 0.815225
v 0.092524 0.064549 0.780877
v 0.012968 0.078037 0.815225
v -0.151822 -1.001270 0.780877
v -0.128722 -0.619307 0.815225
v -0.231378 -0.987781 0.815225
v -0.151822 -1.001270 0.780877
v -0.231378 -0.987781 0.815225
v -0.208278 -0.605818 0.780877
v -0.310879 -0.974239 0.780877
v -0.231378 -0.987781 0.815225
v 0.618708 0.029061 0.237602
v 0.526140 0.029703 0.425713
v 0.539648 -0.099885 0.436575
v -0.105621 -0.006802 0.808719
v -0.001697 -0.056743 0.842625
v -0.000925 0.046403 0.856353
v -0.488681 0.154689 0.396659
v -0.574467 0.155278 0.222385
v -0.620668 0.037946 0.237602
v -0.528156 0.037250 0.425713
v -0.488681 0.154689 0.396659
v -0.574467 0.155278 0.222385
v -0.432060 0.111652 0.353821
v -0.432060 0.111652 0.353821
v -0.507812 0.112187 0.199836
v -0.528156 0.037250 0.425713
v -0.638696 -0.091428 0.243336
v -0.543593 -0.092124 0.436575
v -0.481183 -0.108503 0.389491
v -0.565315 -0.107914 0.218636
v 0.618708 0.029061 0.237602
v 0.574271 0.147035 0.222385
v 0.488485 0.147677 0.396659
v 0.431202 0.105443 0.353821
v 0.488485 0.147677 0.396659
v 0.488485 0.147677 0.396659
v 0.526140 0.029703 0.425713
v 0.112813 -0.293812 0.726572
v 0.096494 0.090455 0.726572
v 0.016331 0.080928 0.760919
v 0.032706 -0.303393 0.760919
v -0.063776 0.071346 0.726572
v 0.112813 -0.293812 0.726572
v 0.032706 -0.303393 0.760919
v 0.094895 -0.667427 0.760919
v 0.175058 -0.657898 0.726572
v 0.073228 -1.011230 0.726572
v 0.153335 -1.001640 0.760919
v 0.094895 -0.667427 0.760919
v 0.153335 -1.001640 0.760919
v 0.014733 -0.677008 0.726572
v 0.073228 -1.011230 0.726572
v 0.526140 0.029703 0.425713
v 0.488485 0.147677 0.396659
v 0.354844 0.148641 0.535041
v 0.313164 0.106299 0.476049
v 0.354844 0.148641 0.535041
v 0.382024 0.030720 0.574957
v 0.526140 0.029703 0.425713
v 0.391507 -0.098814 0.589898
v 0.539648 -0.099885 0.436575
v 0.526140 0.029703 0.425713
v -0.355040 0.153726 0.535041
v -0.488681 0.154689 0.396659
v -0.528156 0.037250 0.425713
v -0.383984 0.036233 0.574957
v -0.355040 0.153726 0.535041
v -0.543593 -0.092124 0.436575
v -0.395507 -0.093194 0.589898
v -0.350133 -0.109466 0.525172
v -0.481183 -0.108503 0.389491
v 0.152894 0.032379 0.687262
v 0.382024 0.030720 0.574957
v 0.354844 0.148641 0.535041
v 0.391507 -0.098814 0.589898
v 0.382024 0.030720 0.574957
v 0.093792 0.090670 0.773434
v 0.120862 0.045386 0.822116
v 0.152894 0.032379 0.687262
v 0.103000 -0.008301 0.808719
v 0.120973 -0.096887 0.705952
v 0.391507 -0.098814 0.589898
v 0.180902 -0.113267 0.612281
v 0.153335 -1.001640 0.760919
v 0.233498 -0.992117 0.726572
v 0.175058 -0.657898 0.726572
v -0.355040 0.153726 0.535041
v -0.383984 0.036233 0.574957
v -0.154910 0.034574 0.687262
v -0.395507 -0.093194 0.589898
v -0.063776 0.071346 0.726572
v -0.047457 -0.312921 0.726572
v 0.032706 -0.303393 0.760919
v 0.032706 -0.303393 0.760919
v 0.014733 -0.677008 0.726572
v -0.154910 0.034574 0.687262
v -0.128281 0.152067 0.685167
v -0.355040 0.153726 0.535041
v -0.094870 0.092008 0.773434
v -0.128281 0.152067 0.685167
v -0.154910 0.034574 0.687262
v -0.000098 0.151157 0.654404
v -0.395507 -0.093194 0.589898
v -0.124918 -0.095121 0.705952
v -0.154910 0.034574 0.687262
v -0.185122 -0.110644 0.612281
v -0.105621 -0.006802 0.808719
v -0.122657 0.047152 0.822116
v -0.094870 0.092008 0.773434
v 0.539648 -0.099885 0.436575
v 0.634751 -0.100527 0.243336
v 0.618708 0.029061 0.237602
v 0.634751 -0.100527 0.243336
v 0.476962 -0.115408 0.389491
v 0.476962 -0.115408 0.389491
v 0.561094 -0.115997 0.218636
v 0.354844 0.148641 0.535041
v 0.128085 0.150247 0.685167
v 0.152894 0.032379 0.687262
v 0.164472 0.107370 0.554503
v 0.354844 0.148641 0.535041
v 0.093792 0.090670 0.773434
v 0.128085 0.150247 0.685167
v -0.000098 0.151157 0.654404
v 0.093792 0.090670 0.773434
v -0.000208 0.140558 0.803977
v -0.000925 0.046403 0.856353
v -0.000098 0.151157 0.654404
v -0.000208 0.140558 0.803977
v -0.000925 0.046403 0.856353
v -0.000208 0.140558 0.803977
v -0.094870 0.092008 0.773434
v -0.000098 0.151157 0.654404
v 0.152894 0.032379 0.687262
v 0.128085 0.150247 0.685167
v 0.093792 0.090670 0.773434
v -0.000925 0.046403 0.856353
v -0.001697 -0.056743 0.842625
v 0.103000 -0.008301 0.808719
v -0.001697 -0.056743 0.842625
v -0.001972 -0.095978 0.722327
v 0.103000 -0.008301 0.808719
v 0.120973 -0.096887 0.705952
v 0.152894 0.032379 0.687262
v -0.154910 0.034574 0.687262
v -0.124918 -0.095121 0.705952
v -0.105621 -0.006802 0.808719
v -0.002083 -0.111982 0.642274
v -0.001972 -0.095978 0.722327
v -0.124918 -0.095121 0.705952
v -0.105621 -0.006802 0.808719
v -0.124918 -0.095121 0.705952
v 0.120973 -0.096887 0.705952
v -0.001972 -0.095978 0.722327
v -0.002083 -0.111982 0.642274
v 0.103000 -0.008301 0.808719
v 0.180902 -0.113266 -0.553932
v 0.204939 -0.097475 -0.630070
v 0.391507 -0.098813 -0.531604
v 0.345968 -0.114443 -0.466824
v 0.345968 -0.114443 -0.466824
v 0.391507 -0.098813 -0.531604
v 0.539648 -0.099884 -0.378282
v 0.476962 -0.115353 -0.331199
v 0.092524 0.064549 0.780877
v 0.012968 0.078037 0.746474
v 0.012968 0.078037 0.815225
v -0.066588 0.091526 0.780877
v 0.096494 0.090455 0.726572
v 0.016331 0.080928 0.692169
v 0.016331 0.080928 0.760919
v 0.016331 0.080928 0.692169
v -0.063776 0.071346 0.726572
v 0.016331 0.080928 0.760919
v -0.671500 -0.091159 0.029146
v -0.638696 -0.091427 -0.185043
v -0.565315 -0.107913 -0.160343
v -0.001972 -0.095978 0.722327
v -0.001697 -0.056743 0.842625
v -0.105621 -0.006802 0.808719
v 0.345968 -0.114444 0.525172
v 0.476962 -0.115408 0.389491
v 0.539648 -0.099885 0.436575
v 0.391507 -0.098814 0.589898
v 0.345968 -0.114444 0.525172
v -0.395507 -0.093194 0.589898
v -0.350133 -0.109466 0.525172
v -0.185122 -0.110644 0.612281
v 0.180902 -0.113267 0.612281
v 0.345968 -0.114444 0.525172
v 0.391507 -0.098814 0.589898
v -0.124918 -0.095121 0.705952
v -0.185122 -0.110644 0.612281
v -0.002083 -0.111982 0.642274
v -0.002083 -0.111982 0.642274
v 0.180902 -0.113267 0.612281
v 0.120973 -0.096887 0.705952
v -0.000429 0.108547 0.581517
v -0.165330 0.109725 0.554503
v -0.128281 0.152067 0.685167
v 0.128085 0.150247 0.685167
v 0.164472 0.107370 0.554503
v -0.000429 0.108547 0.581517
v -0.355040 0.153726 0.535041
v -0.128281 0.152067 0.685167
v -0.165330 0.109725 0.554503
v -0.128281 0.152067 0.685167
v -0.000098 0.151157 0.654404
v -0.000429 0.108547 0.581517
v -0.000429 0.108547 0.581517
v -0.000098 0.151157 0.654404
v 0.128085 0.150247 0.685167
v -0.165330 0.109725 0.554503
v -0.314021 0.110796 0.476049
v -0.355040 0.153726 0.535041
v 0.354844 0.148641 0.535041
v 0.313164 0.106299 0.476049
v 0.164472 0.107370 0.554503
v -0.314021 0.110796 0.476049
v -0.432060 0.111652 0.353821
v -0.488681 0.154689 0.396659
v -0.355040 0.153726 0.535041
v -0.314021 0.110796 0.476049
v 0.488485 0.147677 0.396659
v 0.431202 0.105443 0.353821
v 0.313164 0.106299 0.476049
v 0.574271 0.147035 0.222385
v 0.506954 0.104908 0.199836
v 0.431202 0.105443 0.353821
v -0.604018 0.155492 0.029146
v -0.533889 0.112348 0.029146
v -0.507812 0.112188 -0.141543
v -0.165330 0.109726 -0.496209
v -0.186721 0.152495 -0.565510
v -0.355040 0.153726 -0.476693
v -0.355040 0.153726 -0.476693
v -0.314021 0.110797 -0.417756
v -0.000429 0.108547 0.581517
v -0.002083 -0.111982 0.642274
v -0.185122 -0.110644 0.612281
v -0.185122 -0.110644 0.612281
v -0.165330 0.109725 0.554503
v 0.164472 0.107370 0.554503
v 0.180902 -0.113267 0.612281
v -0.002083 -0.111982 0.642274
v -0.000429 0.108547 0.581517
v -0.165330 0.109725 0.554503
v -0.185122 -0.110644 0.612281
v -0.350133 -0.109466 0.525172
v -0.314021 0.110796 0.476049
v -0.165330 0.109725 0.554503
v 0.164472 0.107370 0.554503
v 0.313164 0.106299 0.476049
v 0.345968 -0.114444 0.525172
v 0.180902 -0.113267 0.612281
v 0.175058 -0.657898 0.726572
v 0.233498 -0.992117 0.726572
v 0.153335 -1.001640 0.692169
v -0.481183 -0.108503 0.389491
v -0.432060 0.111652 0.353821
v -0.314021 0.110796 0.476049
v -0.350133 -0.109466 0.525172
v -0.481183 -0.108503 0.389491
v 0.476962 -0.115408 0.389491
v 0.345968 -0.114444 0.525172
v 0.313164 0.106299 0.476049
v 0.313164 0.106299 0.476049
v 0.431202 0.105443 0.353821
v 0.476962 -0.115408 0.389491
v -0.432060 0.111652 0.353821
v -0.481183 -0.108503 0.389491
v -0.565315 -0.107914 0.218636
v -0.565315 -0.107914 0.218636
v -0.507812 0.112187 0.199836
v -0.432060 0.111652 0.353821
v 0.431202 0.105443 0.353821
v 0.506954 0.104908 0.199836
v 0.561094 -0.115997 0.218636
v 0.561094 -0.115997 0.218636
v 0.476962 -0.115408 0.389491
v 0.431202 0.105443 0.353821
v 0.016331 0.080928 0.692169
v 0.096494 0.090455 0.726572
v 0.112813 -0.293812 0.726572
v 0.032706 -0.303393 0.692169
v 0.016331 0.080928 0.692169
v -0.063776 0.071346 0.726572
v 0.016331 0.080928 0.692169
v 0.175058 -0.657898 0.726572
v 0.094895 -0.667427 0.692169
v 0.153335 -1.001640 0.692169
v 0.094895 -0.667427 0.692169
v 0.073228 -1.011230 0.726572
v 0.014733 -0.677008 0.726572
v 0.153335 -1.001640 0.692169
v 0.073228 -1.011230 0.726572
v 0.032706 -0.303393 0.692169
v 0.112813 -0.293812 0.726572
v 0.014733 -0.677008 0.726572
v -0.047457 -0.312921 0.726572
v 0.032706 -0.303393 0.692169
v -0.063776 0.071346 0.726572
v -0.594259 -0.107699 0.029146
v -0.533889 0.112348 0.029146
v -0.507812 0.112187 0.199836
v -0.507812 0.112187 0.199836
v -0.565315 -0.107914 0.218636
v -0.594259 -0.107699 0.029146
v 0.533032 0.104748 0.029146
v 0.590094 -0.116211 0.029146
v 0.561094 -0.115997 0.218636
v 0.506954 0.104908 0.199836
v 0.092524 0.064549 0.780877
v 0.042189 -0.282304 0.780877
v -0.037312 -0.268761 0.746474
v 0.012968 0.078037 0.746474
v -0.116868 -0.255273 0.780877
v -0.066588 0.091526 0.780877
v -0.037312 -0.268761 0.746474
v -0.049166 -0.632795 0.780877
v -0.128722 -0.619307 0.746474
v -0.049166 -0.632795 0.780877
v -0.208278 -0.605818 0.780877
v -0.116868 -0.255273 0.780877
v -0.128722 -0.619307 0.746474
v -0.151822 -1.001270 0.780877
v -0.128722 -0.619307 0.746474
v -0.231378 -0.987781 0.746474
v -0.151822 -1.001270 0.780877
v -0.310879 -0.974239 0.780877
v -0.208278 -0.605818 0.780877
v -0.533889 0.112348 0.029146
v -0.594259 -0.107699 0.029146
v -0.565315 -0.107913 -0.160343
v -0.565315 -0.107913 -0.160343
v -0.507812 0.112188 -0.141543
v -0.533889 0.112348 0.029146
v 0.506954 0.104909 -0.141543
v 0.561094 -0.115995 -0.160343
v 0.590094 -0.116211 0.029146
v 0.590094 -0.116211 0.029146
v 0.533032 0.104748 0.029146
v 0.506954 0.104909 -0.141543
v -0.432060 0.111653 -0.295528
v -0.507812 0.112188 -0.141543
v -0.565315 -0.107913 -0.160343
v -0.565315 -0.107913 -0.160343
v -0.481183 -0.108502 -0.331199
v -0.432060 0.111653 -0.295528
v 0.431202 0.105444 -0.295528
v 0.476962 -0.115353 -0.331199
v 0.561094 -0.115995 -0.160343
v 0.506954 0.104909 -0.141543
v -0.481183 -0.108502 -0.331199
v -0.350133 -0.109465 -0.466824
v -0.314021 0.110797 -0.417756
v -0.314021 0.110797 -0.417756
v -0.432060 0.111653 -0.295528
v -0.481183 -0.108502 -0.331199
v 0.476962 -0.115353 -0.331199
v 0.431202 0.105444 -0.295528
v 0.313164 0.106300 -0.417756
v 0.345968 -0.114443 -0.466824
v 0.476962 -0.115353 -0.331199
v -0.165330 0.109726 -0.496209
v -0.314021 0.110797 -0.417756
v -0.350133 -0.109465 -0.466824
v -0.350133 -0.109465 -0.466824
v -0.185122 -0.110643 -0.553932
v 0.164472 0.107371 -0.496209
v 0.180902 -0.113266 -0.553932
v 0.345968 -0.114443 -0.466824
v 0.345968 -0.114443 -0.466824
v 0.313164 0.106300 -0.417756
v -0.000429 0.108548 -0.523168
v -0.002083 -0.111981 -0.583979
v 0.180902 -0.113266 -0.553932
v 0.164472 0.107371 -0.496209
v -0.000429 0.108548 -0.523168
v -0.165330 0.109726 -0.496209
v -0.185122 -0.110643 -0.553932
v -0.002083 -0.111981 -0.583979
v -0.002083 -0.111981 -0.583979
v -0.000429 0.108548 -0.523168
vn 0.9006 -0.4346 -0.0001
vn 0.0862 -0.6347 0.7679
vn 0.0866 -0.6300 -0.7718
vn 0.0867 -0.6300 0.7718
vn -0.7417 -0.6707 -0.0000
vn 0.6912 -0.7226 -0.0001
vn -0.1254 -0.6274 0.7686
vn -0.1255 -0.6274 -0.7686
vn -0.1255 -0.6274 0.7686
vn -0.9290 -0.3701 -0.0000
vn -0.1254 -0.6274 -0.7686
vn 0.0079 0.9290 -0.3700
vn 0.1256 0.9270 -0.3535
vn 0.3076 0.2604 -0.9152
vn -0.0000 0.2592 -0.9658
vn 0.1257 0.9269 -0.3535
vn 0.0078 0.9290 -0.3701
vn -0.0000 0.4090 0.9125
vn -0.2909 0.4088 0.8650
vn 0.2599 -0.5591 -0.7874
vn -0.0000 -0.5602 -0.8284
vn -0.0000 0.2591 -0.9659
vn -0.0000 0.2591 -0.9658
vn 0.3077 0.2603 -0.9152
vn 0.2598 -0.5591 -0.7874
vn -0.0079 -0.8896 0.4567
vn -0.0000 -0.5601 -0.8284
vn 0.2599 -0.5590 -0.7874
vn -0.1494 -0.8890 0.4328
vn -0.0078 -0.8896 0.4567
vn -0.5755 0.2681 -0.7726
vn -0.2203 0.9285 -0.2990
vn -0.1102 0.9287 -0.3541
vn -0.3071 0.2677 -0.9133
vn -0.5755 0.2680 -0.7726
vn -0.2683 -0.5525 -0.7892
vn -0.5051 -0.5525 -0.6630
vn -0.2684 -0.5524 -0.7892
vn 0.1418 -0.8900 0.4332
vn 0.2677 -0.8896 0.3701
vn -0.5052 -0.5525 -0.6630
vn -0.3070 0.2677 -0.9133
vn -0.2683 -0.5524 -0.7892
vn -0.0079 -0.8896 0.4566
vn 0.1418 -0.8901 0.4332
vn -0.7857 0.2672 -0.5579
vn -0.2995 0.9301 -0.2128
vn -0.2203 0.9285 -0.2989
vn -0.5051 -0.5526 -0.6630
vn -0.6837 -0.5502 -0.4794
vn -0.7857 0.2671 -0.5579
vn 0.5508 0.4013 0.7318
vn -0.2204 0.9285 -0.2990
vn -0.2995 0.9300 -0.2128
vn 0.7518 0.3994 0.5247
vn -0.6838 -0.5501 -0.4794
vn 0.3701 -0.8896 0.2677
vn 0.1257 0.9270 -0.3535
vn 0.2277 0.9269 -0.2984
vn 0.5819 0.2596 -0.7707
vn 0.5819 0.2595 -0.7707
vn 0.4970 -0.5602 -0.6627
vn 0.2278 0.9268 -0.2985
vn -0.2909 0.4089 0.8650
vn -0.5491 0.4078 0.7295
vn 0.2277 0.9268 -0.2985
vn 0.3077 0.2604 -0.9152
vn 0.4971 -0.5602 -0.6627
vn 0.2598 -0.5591 -0.7873
vn 0.2277 0.9269 -0.2985
vn 0.3066 0.9279 -0.2123
vn 0.7919 0.2509 -0.5567
vn 0.5820 0.2595 -0.7707
vn 0.6765 -0.5586 -0.4799
vn 0.6736 -0.5640 -0.4777
vn 0.3066 0.9278 -0.2124
vn -0.5491 0.4079 0.7295
vn -0.7460 0.4083 0.5261
vn 0.3067 0.9278 -0.2123
vn 0.3610 0.9261 -0.1099
vn 0.9226 0.2523 -0.2918
vn 0.7854 -0.5656 -0.2513
vn -0.8707 0.4079 0.2746
vn 0.3610 0.9261 -0.1098
vn -0.3862 -0.8826 0.2680
vn 0.6736 -0.5639 -0.4778
vn 0.7855 -0.5655 -0.2513
vn 0.7855 -0.5655 -0.2514
vn -0.4490 -0.8822 0.1418
vn -0.9207 0.2597 -0.2912
vn -0.3472 0.9312 -0.1105
vn -0.7858 0.2671 -0.5578
vn -0.7954 -0.5513 -0.2520
vn 0.8763 0.3947 0.2763
vn 0.3701 -0.8896 0.2676
vn 0.4333 -0.8900 0.1418
vn -0.7954 -0.5512 -0.2520
vn -0.3632 0.9317 -0.0000
vn -0.9658 0.2591 -0.0000
vn -0.7953 -0.5513 -0.2520
vn -0.8344 -0.5511 -0.0000
vn 0.4567 -0.8896 -0.0000
vn -0.8345 -0.5510 -0.0000
vn 0.3768 0.9263 -0.0000
vn 0.9678 0.2518 -0.0000
vn -0.9125 0.4090 -0.0000
vn 0.3768 0.9263 -0.0001
vn -0.8708 0.4079 0.2746
vn 0.9226 0.2523 -0.2917
vn 0.8247 -0.5656 -0.0000
vn 0.7855 -0.5656 -0.2513
vn 0.8248 -0.5655 -0.0000
vn -0.4723 -0.8815 -0.0000
vn 0.8248 -0.5655 0.0001
vn -0.1102 0.9287 -0.3542
vn 0.2919 0.4023 0.8677
vn -0.5331 0.7134 0.4548
vn -0.6924 0.2282 0.6845
vn -0.0000 0.2203 0.9754
vn -0.6142 -0.4646 0.6378
vn 0.0001 0.2203 0.9754
vn 0.6977 0.2195 0.6820
vn 0.5417 0.7066 0.4554
vn 0.6120 -0.4708 0.6355
vn 0.3610 0.9261 0.1099
vn 0.9226 0.2524 0.2917
vn -0.8708 0.4079 -0.2746
vn -0.8708 0.4079 -0.2745
vn 0.9226 0.2523 0.2917
vn 0.7854 -0.5656 0.2514
vn 0.8247 -0.5655 -0.0000
vn 0.7855 -0.5655 0.2513
vn -0.4490 -0.8822 -0.1417
vn -0.3472 0.9313 0.1105
vn -0.9658 0.2592 -0.0000
vn -0.9208 0.2597 0.2912
vn -0.9658 0.2591 0.0001
vn 0.4333 -0.8900 -0.1418
vn -0.8345 -0.5511 -0.0000
vn -0.7953 -0.5513 0.2520
vn -0.9208 0.2597 0.2911
vn -0.7954 -0.5512 0.2520
vn -0.3632 0.9317 0.0001
vn -0.3473 0.9312 0.1105
vn 0.8763 0.3947 -0.2763
vn 0.9196 0.3929 -0.0000
vn 0.0158 -0.0000 0.9999
vn 0.9803 -0.1976 -0.0000
vn 0.9082 0.4185 -0.0000
vn 0.9658 -0.2592 0.0001
vn -0.0000 -0.0000 1.0000
vn 0.0157 -0.0000 0.9999
vn -0.9803 0.1976 -0.0000
vn 0.9658 -0.2591 -0.0000
vn -0.9803 0.1977 -0.0000
vn 0.1023 0.6291 0.7706
vn -0.7303 0.6831 -0.0000
vn -0.9803 0.1977 0.0001
vn 0.1022 0.6291 0.7706
vn 0.9082 0.4186 0.0001
vn 0.1022 0.6291 0.7705
vn 0.6912 -0.7226 -0.0000
vn 0.9659 -0.2590 -0.0000
vn -0.1255 -0.6274 0.7685
vn 0.6913 -0.7226 -0.0000
vn -0.9659 0.2591 -0.0000
vn -0.9290 -0.3701 0.0001
vn 0.9226 0.2523 0.2918
vn 0.7919 0.2509 0.5567
vn 0.6766 -0.5586 0.4798
vn -0.6142 -0.4646 0.6379
vn -0.0078 -0.6750 0.7378
vn -0.0000 0.2202 0.9754
vn -0.2995 0.9301 0.2128
vn -0.9207 0.2597 0.2912
vn -0.7858 0.2672 0.5578
vn -0.3472 0.9312 0.1106
vn 0.7518 0.3993 -0.5247
vn -0.3472 0.9312 0.1105
vn -0.7858 0.2671 0.5579
vn -0.6838 -0.5501 0.4794
vn 0.3701 -0.8896 -0.2677
vn 0.9226 0.2524 0.2918
vn 0.3610 0.9261 0.1098
vn 0.3066 0.9279 0.2123
vn -0.7460 0.4083 -0.5261
vn 0.3067 0.9278 0.2123
vn 0.9947 0.1026 0.0001
vn 0.7778 0.6285 -0.0000
vn -0.0628 0.6359 0.7692
vn -0.0157 -0.0000 0.9999
vn -0.0627 0.6358 0.7693
vn -0.8764 0.4815 -0.0000
vn 0.9947 0.1027 0.0001
vn 0.9849 0.1734 -0.0000
vn 0.9849 0.1733 0.0001
vn 0.0866 -0.6300 0.7717
vn -0.9849 -0.1734 -0.0000
vn -0.0158 -0.0000 0.9999
vn -0.7418 -0.6707 -0.0000
vn 0.2278 0.9268 0.2985
vn -0.5491 0.4079 -0.7295
vn 0.2277 0.9269 0.2985
vn 0.5691 0.2529 0.7824
vn 0.4799 -0.5586 0.6765
vn 0.4799 -0.5586 0.6766
vn 0.6736 -0.5640 0.4777
vn -0.2203 0.9285 0.2990
vn -0.7857 0.2672 0.5579
vn -0.7857 0.2671 0.5579
vn -0.5668 0.2676 0.7792
vn -0.6837 -0.5501 0.4794
vn -0.4881 -0.5510 0.6769
vn 0.2677 -0.8896 -0.3701
vn 0.3700 -0.8896 -0.2677
vn 0.7190 0.1027 0.6874
vn 0.5690 0.2529 0.7825
vn 0.2278 0.9269 0.2984
vn 0.4798 -0.5586 0.6766
vn 0.5417 0.7066 0.4553
vn 0.6976 0.2195 0.6820
vn 0.7190 0.1028 0.6874
vn 0.6120 -0.4707 0.6355
vn 0.3214 -0.7604 0.5644
vn 0.4799 -0.5585 0.6766
vn -0.1413 -0.8947 -0.4238
vn 0.0861 -0.6347 0.7679
vn 0.9007 -0.4345 -0.0000
vn -0.5667 0.2676 0.7793
vn -0.7177 0.1183 0.6862
vn -0.4880 -0.5510 0.6769
vn -0.8764 0.4816 -0.0000
vn -0.9939 -0.1105 -0.0000
vn -0.9939 -0.1104 0.0001
vn -0.2918 0.8913 0.3471
vn -0.7178 0.1183 0.6862
vn 0.0079 0.9874 -0.1580
vn -0.4880 -0.5510 0.6770
vn -0.3304 -0.7551 0.5663
vn 0.1259 -0.8965 -0.4247
vn -0.5331 0.7135 0.4547
vn 0.6766 -0.5586 0.4799
vn 0.7855 -0.5655 0.2514
vn 0.6766 -0.5585 0.4799
vn -0.3862 -0.8826 -0.2680
vn -0.4490 -0.8822 -0.1418
vn 0.2277 0.9268 0.2985
vn 0.3083 0.8854 0.3478
vn -0.3140 0.4710 -0.8243
vn 0.3083 0.8854 0.3479
vn 0.0078 0.8497 0.5271
vn -0.0000 0.2202 0.9755
vn 0.0079 0.8497 0.5272
vn -0.0079 -0.6750 0.7377
vn -0.0079 -0.6750 0.7378
vn -0.0079 -0.9263 0.3768
vn 0.3214 -0.7604 0.5643
vn -0.3303 -0.7551 0.5663
vn -0.0079 -0.8864 -0.4629
vn -0.0078 -0.9263 0.3768
vn -0.6143 -0.4646 0.6378
vn -0.0078 -0.9262 0.3768
vn -0.0078 -0.8864 -0.4628
vn -0.1495 -0.8890 0.4328
vn 0.2598 -0.5590 -0.7874
vn 0.4970 -0.5601 -0.6627
vn -0.2842 -0.8841 0.3711
vn -0.2842 -0.8841 0.3710
vn 0.9082 0.4186 -0.0000
vn 0.1023 0.6290 -0.7706
vn 0.1022 0.6290 0.7706
vn -0.7303 0.6832 -0.0001
vn -0.0628 0.6358 -0.7693
vn -0.0628 0.6358 0.7693
vn -0.8764 0.4816 -0.0001
vn -0.7954 -0.5512 -0.2521
vn 0.4333 -0.8901 0.1418
vn -0.0079 -0.6749 0.7378
vn -0.2842 -0.8841 -0.3710
vn -0.2842 -0.8841 -0.3711
vn -0.4880 -0.5509 0.6770
vn 0.1258 -0.8965 -0.4247
vn 0.4799 -0.5585 0.6765
vn -0.0079 -0.8864 -0.4628
vn -0.0000 0.4566 -0.8897
vn 0.3223 0.4637 -0.8253
vn -0.2919 0.8913 0.3471
vn -0.3141 0.4710 -0.8243
vn 0.0001 0.4566 -0.8897
vn -0.2203 0.9285 0.2991
vn 0.3222 0.4637 -0.8253
vn 0.5508 0.4013 -0.7318
vn 0.7518 0.3994 -0.5247
vn -0.2995 0.9300 0.2128
vn -0.2995 0.9301 0.2129
vn -0.5491 0.4078 -0.7295
vn 0.9196 0.3930 -0.0000
vn 0.0001 0.4567 -0.8896
vn 0.1259 -0.8966 -0.4246
vn 0.1258 -0.8966 -0.4246
vn 0.3223 0.4638 -0.8253
vn -0.0000 0.4567 -0.8896
vn -0.3140 0.4711 -0.8243
vn -0.1412 -0.8947 -0.4238
vn 0.2677 -0.8896 -0.3700
vn 0.2676 -0.8896 -0.3700
vn 0.5508 0.4014 -0.7318
vn 0.3222 0.4638 -0.8253
vn -0.5490 0.4079 -0.7295
vn -0.2841 -0.8841 -0.3710
vn 0.9849 0.1733 -0.0000
vn 0.0866 -0.6301 -0.7717
vn 0.7518 0.3994 -0.5246
vn 0.3700 -0.8896 -0.2676
vn -0.3862 -0.8827 -0.2679
vn -0.2842 -0.8841 -0.3709
vn -0.7459 0.4084 -0.5261
vn 0.3700 -0.8897 -0.2676
vn 0.4332 -0.8901 -0.1417
vn 0.4332 -0.8901 -0.1418
vn 0.8763 0.3948 -0.2762
vn -0.8707 0.4080 -0.2745
vn -0.4489 -0.8822 -0.1418
vn -0.3861 -0.8827 -0.2680
vn -0.7459 0.4084 -0.5262
vn 0.9947 0.1027 -0.0000
vn -0.0157 -0.0000 -0.9999
vn -0.0628 0.6359 -0.7692
vn -0.8763 0.4817 -0.0000
vn -0.0158 -0.0000 -0.9999
vn 0.9947 0.1026 -0.0001
vn -0.0000 -0.0000 -1.0000
vn 0.0866 -0.6300 -0.7717
vn 0.9849 0.1733 -0.0001
vn -0.9849 -0.1733 -0.0000
vn 0.0867 -0.6300 -0.7717
vn 0.9947 0.1026 -0.0000
vn -0.9849 -0.1734 -0.0001
vn -0.9939 -0.1104 -0.0000
vn -0.9939 -0.1104 -0.0001
vn 0.4566 -0.8897 -0.0000
vn 0.9195 0.3930 -0.0000
vn 0.8762 0.3947 -0.2764
vn -0.9125 0.4091 -0.0000
vn -0.4722 -0.8815 -0.0000
vn -0.8707 0.4080 -0.2746
vn 0.9082 0.4186 -0.0001
vn 0.0158 -0.0000 -0.9999
vn 0.1022 0.6291 -0.7706
vn -0.9803 0.1975 -0.0001
vn 0.9803 -0.1977 -0.0000
vn 0.0157 -0.0000 -0.9999
vn 0.9659 -0.2591 -0.0000
vn -0.1255 -0.6274 -0.7685
vn 0.6912 -0.7227 -0.0001
vn -0.9290 -0.3700 -0.0000
vn -0.9659 0.2591 -0.0001
vn 0.4566 -0.8897 0.0001
vn 0.4332 -0.8901 0.1418
vn 0.4332 -0.8901 0.1417
vn 0.8763 0.3948 0.2763
vn -0.8707 0.4080 0.2745
vn -0.4490 -0.8822 0.1417
vn -0.4722 -0.8815 -0.0001
vn 0.8762 0.3948 0.2763
vn 0.4331 -0.8901 0.1418
vn 0.3700 -0.8896 0.2677
vn -0.7460 0.4084 0.5261
vn -0.3862 -0.8827 0.2679
vn -0.4489 -0.8822 0.1418
vn -0.8707 0.4080 0.2746
vn 0.2677 -0.8896 0.3700
vn 0.5508 0.4014 0.7318
vn 0.7517 0.3995 0.5247
vn -0.3861 -0.8827 0.2679
vn -0.2841 -0.8841 0.3710
vn 0.2918 0.4024 0.8677
vn 0.2676 -0.8896 0.3700
vn 0.2918 0.4023 0.8677
vn -0.1495 -0.8891 0.4327
vn -0.2842 -0.8841 0.3709
vn -0.0000 0.4091 0.9125
vn -0.2910 0.4089 0.8649
vn -0.0078 -0.8897 0.4566
vt 0.937622 0.349268
vt 0.939120 0.352500
vt 0.936131 0.352500
vt 0.937622 0.355740
vt 0.923509 0.373451
vt 0.919918 0.373451
vt 0.919840 0.370892
vt 0.923509 0.370892
vt 0.923509 0.375171
vt 0.919940 0.375171
vt 0.919789 0.368104
vt 0.923509 0.368104
vt 0.923509 0.366542
vt 0.919632 0.366542
vt 0.930498 0.370892
vt 0.930254 0.373451
vt 0.926957 0.373451
vt 0.927022 0.370892
vt 0.927065 0.368104
vt 0.930476 0.368104
vt 0.927215 0.366542
vt 0.930641 0.366542
vt 0.933917 0.370892
vt 0.933537 0.373451
vt 0.933859 0.368104
vt 0.930089 0.375171
vt 0.933286 0.375171
vt 0.934081 0.366542
vt 0.916621 0.373451
vt 0.916363 0.370892
vt 0.916378 0.368104
vt 0.916786 0.375171
vt 0.913339 0.373451
vt 0.912944 0.370892
vt 0.912995 0.368104
vt 0.913597 0.375171
vt 0.910085 0.373451
vt 0.909569 0.370892
vt 0.909647 0.368104
vt 0.910414 0.375171
vt 0.912772 0.366542
vt 0.909354 0.366542
vt 0.937300 0.370892
vt 0.936805 0.373451
vt 0.937207 0.368104
vt 0.936483 0.375171
vt 0.937493 0.366542
vt 0.940045 0.373451
vt 0.940647 0.370892
vt 0.940518 0.368104
vt 0.940869 0.366542
vt 0.906852 0.373451
vt 0.906229 0.370892
vt 0.907246 0.375171
vt 0.906343 0.368104
vt 0.905985 0.366542
vt 0.926935 0.375171
vt 0.955778 0.373451
vt 0.956437 0.370892
vt 0.958265 0.370892
vt 0.955419 0.369523
vt 0.888704 0.370892
vt 0.890525 0.370892
vt 0.891191 0.373451
vt 0.891535 0.369523
vt 0.903663 0.373451
vt 0.902931 0.370892
vt 0.904128 0.375171
vt 0.903082 0.368104
vt 0.902659 0.366542
vt 0.943242 0.373451
vt 0.943958 0.370892
vt 0.944195 0.366542
vt 0.943793 0.368104
vt 0.942797 0.375171
vt 0.939658 0.375171
vt 0.922936 0.352486
vt 0.922936 0.348895
vt 0.934891 0.348895
vt 0.910629 0.348895
vt 0.910629 0.352486
vt 0.922936 0.356077
vt 0.910629 0.356077
vt 0.934891 0.352486
vt 0.934891 0.356077
vt 0.897649 0.348895
vt 0.897649 0.352486
vt 0.897649 0.356077
vt 0.899677 0.370892
vt 0.899871 0.368104
vt 0.957397 0.369523
vt 0.946402 0.373451
vt 0.947220 0.370892
vt 0.945879 0.375171
vt 0.947012 0.368104
vt 0.947470 0.366542
vt 0.900523 0.373451
vt 0.901061 0.375171
vt 0.921732 0.348895
vt 0.921732 0.352486
vt 0.909182 0.352486
vt 0.909182 0.348895
vt 0.909182 0.356077
vt 0.897434 0.373451
vt 0.898115 0.375171
vt 0.896459 0.370892
vt 0.896739 0.368104
vt 0.949506 0.373451
vt 0.950459 0.370892
vt 0.950158 0.368104
vt 0.950667 0.366542
vt 0.892467 0.370892
vt 0.892238 0.368104
vt 0.893320 0.366542
vt 0.954480 0.370892
vt 0.921732 0.356077
vt 0.953871 0.373451
vt 0.954602 0.375171
vt 0.954688 0.368104
vt 0.953577 0.366542
vt 0.899391 0.366542
vt 0.893105 0.373451
vt 0.895477 0.375171
vt 0.892402 0.375171
vt 0.890109 0.373451
vt 0.956881 0.373451
vt 0.889550 0.369523
vt 0.890094 0.368104
vt 0.956674 0.366542
vt 0.956824 0.368104
vt 0.890231 0.366542
vt 0.916213 0.366542
vt 0.937622 0.355661
vt 0.936131 0.352429
vt 0.939120 0.352429
vt 0.937622 0.349189
vt 0.896215 0.366542
vt 0.953412 0.375171
vt 0.951506 0.375171
vt 0.893599 0.375171
vt 0.948847 0.375171
vt 0.952559 0.326038
vt 0.956473 0.332754
vt 0.951061 0.335635
vt 0.947664 0.328640
vt 0.947628 0.328747
vt 0.950954 0.335779
vt 0.956401 0.332962
vt 0.952552 0.326203
vt 0.945456 0.338087
vt 0.942568 0.330869
vt 0.942510 0.330919
vt 0.945327 0.338165
vt 0.923359 0.348924
vt 0.934891 0.348924
vt 0.939722 0.340144
vt 0.937307 0.332754
vt 0.939586 0.340165
vt 0.937221 0.332761
vt 0.933902 0.341842
vt 0.931917 0.334324
vt 0.931809 0.334302
vt 0.933759 0.341828
vt 0.897649 0.348924
vt 0.910801 0.348924
vt 0.910801 0.352486
vt 0.897649 0.356048
vt 0.923359 0.352486
vt 0.934891 0.356048
vt 0.923359 0.356048
vt 0.910801 0.356048
vt 0.928003 0.343219
vt 0.926441 0.335599
vt 0.926312 0.335564
vt 0.927874 0.343183
vt 0.909597 0.348924
vt 0.909597 0.352486
vt 0.909597 0.356048
vt 0.921911 0.348924
vt 0.921911 0.352486
vt 0.921911 0.356048
vt 0.922040 0.344279
vt 0.920893 0.336589
vt 0.920764 0.336560
vt 0.921925 0.344251
vt 0.915324 0.337262
vt 0.916019 0.345010
vt 0.915181 0.337269
vt 0.915919 0.345010
vt 0.909934 0.345383
vt 0.909748 0.337606
vt 0.909597 0.337657
vt 0.909855 0.345426
vt 0.904186 0.337571
vt 0.903820 0.345333
vt 0.904035 0.337671
vt 0.903741 0.345440
vt 0.898509 0.337269
vt 0.897627 0.344996
vt 0.897706 0.344824
vt 0.898667 0.337112
s 1
usemtl Handle1Mtl.001
f 478/474/434 479/475/435 480/476/436
f 481/475/437 482/477/438 480/476/436
f 483/474/439 484/475/440 485/476/441
f 486/475/442 487/477/443 485/476/444
f 488/478/445 489/479/446 490/480/447
f 490/480/447 491/481/448 488/478/445
f 489/479/449 492/478/450 493/482/451
f 494/482/451 495/483/452 489/479/449
f 496/484/453 497/485/454 491/481/455
f 498/481/456 499/480/457 496/484/458
f 500/486/459 497/485/460 501/484/461
f 502/484/461 503/487/462 500/486/463
f 504/488/464 505/489/465 506/490/466
f 506/490/466 507/491/467 504/488/464
f 504/488/468 508/491/467 509/492/469
f 510/492/469 511/493/470 504/488/468
f 512/493/470 510/492/471 513/494/472
f 514/494/472 515/495/473 512/493/474
f 516/491/475 517/481/455 518/485/454
f 518/485/454 519/492/469 520/491/475
f 521/492/476 518/485/460 522/486/459
f 523/486/477 524/494/478 521/492/476
f 525/496/479 526/497/480 527/489/481
f 527/489/481 528/488/468 525/496/479
f 525/496/479 528/488/468 529/493/482
f 530/493/470 531/498/483 525/496/484
f 532/499/485 533/489/486 526/497/480
f 534/497/487 535/500/488 532/499/485
f 536/498/489 529/493/474 537/495/473
f 538/495/473 539/501/490 536/498/489
f 540/479/491 541/502/492 542/503/493
f 543/480/457 542/503/494 544/504/495
f 545/502/496 540/479/449 546/483/497
f 546/483/497 547/505/498 548/502/499
f 542/503/494 549/480/500 550/479/491
f 551/504/501 552/484/502 549/480/457
f 553/502/503 554/506/504 555/507/505
f 556/503/506 555/507/505 557/508/507
f 555/507/505 556/503/506 558/502/496
f 559/508/508 560/504/495 556/503/506
f 561/506/509 558/502/496 562/505/498
f 563/505/510 564/509/511 561/506/512
f 565/506/512 566/510/513 567/511/514
f 566/510/513 565/506/512 568/509/511
f 567/511/514 569/507/505 565/506/512
f 569/507/505 567/511/514 570/512/515
f 570/512/515 571/508/508 569/507/505
f 568/509/511 572/513/516 573/510/517
f 574/514/518 571/508/519 575/512/520
f 575/512/521 576/515/522 577/514/518
f 578/516/523 579/517/524 580/497/480
f 581/500/488 580/497/480 579/517/524
f 580/497/480 582/496/525 578/516/523
f 578/516/523 582/496/525 583/498/483
f 583/498/483 584/518/526 578/516/523
f 579/517/524 585/519/527 586/500/488
f 587/501/528 588/520/529 584/518/530
f 589/518/530 590/498/489 587/501/490
f 591/521/531 592/517/524 593/516/523
f 594/519/527 592/517/524 591/521/531
f 593/516/523 595/522/532 591/521/531
f 595/522/532 593/516/523 596/518/526
f 596/518/533 597/523/534 598/522/532
f 599/520/529 600/524/535 597/523/536
f 601/510/513 602/525/537 603/526/538
f 604/513/516 605/527/539 602/525/537
f 606/525/540 607/510/513 604/513/541
f 603/526/538 608/511/542 607/510/517
f 608/511/542 603/526/538 609/528/543
f 609/528/543 610/512/544 608/511/542
f 609/528/545 611/529/546 612/515/522
f 613/515/522 614/512/520 609/528/547
f 615/490/548 616/478/445 617/481/448
f 618/482/451 616/478/445 615/490/548
f 617/481/448 619/491/475 620/490/466
f 621/490/548 622/530/549 618/482/451
f 623/531/550 624/532/551 625/533/552
f 625/533/552 624/532/551 626/534/553
f 627/535/554 628/536/555 629/537/556
f 630/538/557 628/536/555 627/535/554
f 631/525/537 632/539/558 633/540/559
f 634/541/560 632/539/558 631/525/537
f 631/525/537 635/527/539 636/541/561
f 637/540/562 638/526/538 631/525/537
f 638/526/538 633/540/562 639/542/563
f 639/542/563 640/528/543 638/526/538
f 640/528/564 641/542/565 642/543/566
f 642/543/566 643/529/546 640/528/564
f 644/544/567 645/521/531 646/522/568
f 647/545/569 646/522/570 648/523/534
f 646/522/570 647/545/569 649/544/567
f 648/523/536 650/524/535 651/546/571
f 652/523/572 653/547/573 647/545/574
f 654/546/571 653/547/575 655/523/536
f 656/521/576 649/544/577 657/548/578
f 657/548/578 658/549/579 656/521/576
f 659/550/580 660/551/581 661/552/582
f 662/553/583 660/551/581 663/550/580
f 664/554/584 663/550/585 665/555/586
f 663/550/585 664/554/584 666/553/587
f 667/555/588 668/556/532 664/554/584
f 669/557/589 670/558/590 667/555/591
f 665/555/591 671/550/585 669/557/592
f 672/552/593 673/557/594 671/550/580
f 674/559/595 666/553/596 675/554/584
f 675/554/584 676/560/597 677/559/598
f 678/560/597 675/554/584 679/556/599
f 679/556/570 680/561/600 681/560/597
f 682/540/601 683/562/602 684/563/603
f 685/534/604 686/564/605 687/533/606
f 688/565/607 689/544/567 690/545/608
f 690/545/608 691/566/609 692/565/607
f 693/544/610 688/565/607 694/567/611
f 695/567/611 696/548/578 693/544/612
f 697/566/613 690/545/608 698/547/575
f 698/547/575 699/568/614 697/566/613
f 700/569/615 699/568/614 698/547/575
f 698/547/575 701/546/571 700/569/615
f 702/540/616 703/539/617 704/570/618
f 705/571/619 706/570/620 703/539/558
f 707/570/618 708/562/602 702/540/616
f 709/572/621 710/552/622 711/557/623
f 712/573/624 711/557/625 713/558/626
f 711/557/625 712/573/624 714/572/627
f 714/572/621 715/573/624 716/574/584
f 716/574/584 717/575/628 714/572/621
f 718/561/438 719/560/435 716/574/584
f 717/575/629 720/574/584 721/560/630
f 722/576/631 720/574/584 715/573/632
f 720/574/584 722/576/631 723/561/633
f 724/562/602 725/570/620 726/577/634
f 727/578/635 726/577/634 725/570/620
f 728/577/636 729/579/637 724/562/602
f 730/562/602 729/579/637 731/580/638
f 731/580/639 732/563/640 733/562/602
f 734/581/641 735/565/607 736/566/642
f 736/566/643 737/582/644 738/581/641
f 737/582/644 736/566/643 739/568/645
f 739/568/645 740/583/646 737/582/644
f 741/584/647 740/583/646 739/568/645
f 739/568/645 742/569/648 741/584/647
f 743/585/649 744/579/650 745/577/651
f 746/580/652 747/579/650 743/585/649
f 748/537/653 749/536/654 743/585/649
f 750/585/655 749/536/654 751/538/656
f 743/585/649 752/586/657 753/580/658
f 753/580/658 752/586/657 754/587/659
f 755/560/660 756/559/661 757/575/629
f 758/581/641 759/582/662 760/588/663
f 760/588/663 759/582/662 761/583/664
f 762/558/665 763/589/666 764/573/632
f 765/573/632 763/589/667 766/576/631
f 767/588/663 768/590/668 769/581/641
f 770/531/550 771/590/668 772/588/669
f 773/591/670 771/590/668 770/531/550
f 774/583/671 775/592/672 776/588/663
f 777/593/673 775/592/672 774/583/671
f 778/534/604 779/532/551 776/588/663
f 776/588/663 779/532/551 780/531/674
f 781/563/675 782/542/563 783/540/601
f 784/542/676 781/563/677 785/594/678
f 786/594/678 787/543/679 784/542/676
f 788/577/680 789/595/681 790/585/649
f 791/596/682 789/595/683 792/577/634
f 793/537/653 794/595/681 795/597/670
f 796/537/556 797/598/684 798/535/685
f 799/597/670 800/598/686 796/537/653
f 801/533/552 802/599/686 803/531/674
f 803/531/674 802/599/686 804/591/670
f 805/585/649 806/595/681 807/537/653
f 808/535/685 809/600/687 810/538/557
f 810/538/557 811/600/688 812/601/689
f 813/538/557 814/586/690 815/585/649
f 816/588/663 817/592/691 818/534/604
f 819/602/692 820/603/693 821/592/672
f 822/534/694 823/592/691 820/603/695
f 824/586/657 825/601/693 826/604/696
f 825/601/693 824/586/657 827/538/656
f 828/487/697 829/484/698 830/504/699
f 830/504/699 831/605/700 828/487/697
f 832/605/701 833/504/699 834/508/519
f 834/508/519 835/514/518 832/605/701
f 836/606/702 837/607/703 838/608/704
f 837/607/703 839/609/705 838/608/704
f 840/606/622 841/607/706 842/608/707
f 843/607/706 844/609/708 845/608/707
f 846/523/536 847/518/709 848/520/710
f 849/603/693 850/564/711 851/534/694
f 852/610/712 853/594/678 854/563/677
f 854/563/677 855/580/658 856/610/713
f 857/583/714 858/584/647 859/593/715
f 860/587/659 861/610/712 862/580/716
f 863/592/672 864/593/673 865/602/696
f 866/604/717 867/587/659 868/586/657
f 869/611/718 870/612/719 871/590/720
f 872/595/683 873/596/721 874/613/722
f 875/581/723 876/590/720 877/612/724
f 878/590/668 879/591/670 880/611/718
f 881/613/718 882/597/670 883/595/683
f 884/612/719 885/614/725 886/581/641
f 887/577/680 888/578/635 889/596/682
f 890/614/725 891/567/726 892/565/727
f 892/565/728 893/581/641 894/614/725
f 895/570/620 896/571/619 897/578/729
f 898/539/617 899/541/560 900/571/619
f 901/521/531 902/549/730 903/519/527
f 904/530/549 905/490/466 906/489/486
f 907/489/465 908/499/485 904/530/549
f 909/615/731 910/616/717 911/617/732
f 912/617/733 913/618/734 909/615/735
f 914/619/736 915/620/737 916/621/717
f 916/621/717 917/622/735 914/619/736
f 918/618/734 919/617/732 920/623/738
f 920/623/739 921/624/740 922/618/741
f 923/619/736 924/625/742 925/626/743
f 925/626/743 926/620/737 923/619/736
f 927/627/744 928/628/661 929/557/745
f 930/629/648 931/630/746 932/624/725
f 932/624/725 933/623/738 934/629/747
f 935/631/748 936/626/749 937/625/635
f 938/625/635 939/632/750 940/631/748
f 941/630/726 942/629/751 943/633/752
f 944/633/753 945/634/754 946/630/726
f 947/632/619 948/635/755 949/636/566
f 950/636/756 951/631/757 952/632/758
f 953/560/706 954/637/622 955/638/759
f 955/638/759 956/639/760 957/560/761
f 958/640/762 959/560/761 956/639/763
f 955/638/764 960/627/744 961/641/765
f 962/557/766 963/641/765 960/627/767
f 964/642/438 965/643/768 961/641/765
f 961/641/765 966/557/769 967/642/438
f 961/641/765 968/639/760 969/638/770
f 968/639/763 963/641/765 970/643/771
f 970/643/771 971/644/772 968/639/763
f 972/639/763 971/644/773 973/640/708
f 974/645/774 975/646/775 976/634/776
f 977/634/754 978/633/752 979/645/774
f 980/647/777 981/648/778 982/636/756
f 982/636/756 983/635/779 980/647/777
f 984/637/780 985/649/581 986/650/781
f 986/650/781 987/560/782 984/637/780
f 987/560/782 986/650/781 988/651/783
f 988/651/783 989/640/705 987/560/782
f 990/650/781 985/649/784 991/652/587
f 988/651/586 990/650/785 992/653/765
f 993/652/587 992/653/765 990/650/785
f 992/653/765 994/654/599 995/651/586
f 996/653/765 993/652/786 997/628/595
f 994/654/532 998/653/765 999/557/787
f 1000/628/788 999/557/787 996/653/765
f 999/557/787 1001/642/789 1002/654/790
f 1003/646/775 1004/645/791 1005/655/792
f 1006/655/793 1007/656/794 1008/646/775
f 1009/657/795 1010/658/796 1011/648/797
f 1012/648/778 1013/647/777 1014/657/516
f 1015/659/488 1016/656/798 1017/655/792
f 1018/655/799 1019/660/800 1020/659/488
f 1021/661/801 1022/662/802 1023/658/803
f 1023/658/803 1024/657/804 1021/661/801
f 1025/660/800 1026/663/805 1027/664/485
f 1028/664/806 1029/659/807 1030/660/528
f 1031/662/808 1032/661/801 1033/665/510
f 1033/665/510 1034/666/809 1035/662/802
f 1036/667/810 1037/664/485 1038/663/805
f 1039/663/811 1040/668/478 1036/667/812
f 1041/669/497 1042/670/813 1043/666/814
f 1044/666/809 1045/665/510 1041/669/497
f 1046/671/815 1047/672/477 1048/670/813
f 1048/670/813 1049/669/816 1050/671/815
f 1051/667/812 1052/668/478 1053/673/477
f 1054/673/817 1055/674/815 1051/667/549
