# Blender 5.1.1
# www.blender.org
mtllib Scarf.mtl
o Handle1
v -0.579464 -1.133381 0.081569
v -0.545189 -1.138202 0.081569
v -0.535403 -1.018864 0.076056
v -0.563373 -1.014933 0.076056
v -0.528056 -1.140609 0.051596
v -0.521422 -1.020830 0.051596
v -0.545189 -1.138202 0.021624
v -0.535403 -1.018864 0.027136
v -0.521422 -1.020830 0.051596
v -0.528056 -1.140609 0.051596
v -0.579464 -1.133381 0.021624
v -0.563373 -1.014933 0.027136
v -0.596601 -1.130966 0.051596
v -0.577358 -1.012967 0.051596
v -0.596601 -1.130966 0.051596
v -0.577358 -1.012967 0.051596
v -0.545189 -1.138202 0.081569
v -0.579464 -1.133381 0.081569
v -0.564881 -1.153946 0.051596
v -0.528056 -1.140609 0.051596
v -0.596601 -1.130966 0.051596
v -0.515071 -0.832009 0.027136
v -0.501086 -0.833974 0.051596
v -0.501086 -0.833974 0.051596
v -0.515071 -0.832009 0.076056
v -0.543041 -0.828078 0.076056
v -0.557027 -0.826108 0.051596
v -0.557027 -0.826108 0.051596
v -0.543041 -0.828078 0.027136
v -0.475463 -1.145354 0.081569
v -0.440853 -1.145066 0.081569
v -0.448776 -1.025592 0.076056
v -0.477017 -1.025829 0.076056
v -0.423551 -1.144922 0.051596
v -0.434651 -1.025473 0.051596
v -0.440853 -1.145066 0.021624
v -0.448776 -1.025592 0.027136
v -0.434651 -1.025473 0.051596
v -0.423551 -1.144922 0.051596
v -0.475463 -1.145354 0.021624
v -0.477017 -1.025829 0.027136
v -0.492765 -1.145498 0.051596
v -0.491138 -1.025948 0.051596
v -0.492765 -1.145498 0.051596
v -0.491138 -1.025948 0.051596
v -0.440853 -1.145066 0.081569
v -0.475463 -1.145354 0.081569
v -0.458003 -1.163546 0.051596
v -0.423551 -1.144922 0.051596
v -0.492765 -1.145498 0.051596
v -0.456220 -0.837788 0.027136
v -0.442099 -0.837669 0.051596
v -0.442099 -0.837669 0.051596
v -0.456220 -0.837788 0.076056
v -0.484461 -0.838020 0.076056
v -0.498586 -0.838139 0.051596
v -0.498586 -0.838139 0.051596
v -0.484461 -0.838020 0.027136
v -0.420996 -1.144905 0.017264
v -0.386390 -1.144617 0.017264
v -0.394310 -1.025143 0.011752
v -0.422551 -1.025380 0.011752
v -0.369085 -1.144472 -0.012710
v -0.380187 -1.025024 -0.012710
v -0.386390 -1.144617 -0.042684
v -0.394310 -1.025143 -0.037168
v -0.380187 -1.025024 -0.012710
v -0.369085 -1.144472 -0.012710
v -0.420996 -1.144905 -0.042684
v -0.422551 -1.025380 -0.037168
v -0.438303 -1.145049 -0.012710
v -0.436676 -1.025490 -0.012710
v -0.438303 -1.145049 -0.012710
v -0.436676 -1.025490 -0.012710
v -0.386390 -1.144617 0.017264
v -0.420996 -1.144905 0.017264
v -0.403541 -1.163088 -0.012710
v -0.369085 -1.144472 -0.012710
v -0.438303 -1.145049 -0.012710
v -0.401755 -0.837330 -0.037168
v -0.387633 -0.837216 -0.012710
v -0.387633 -0.837216 -0.012710
v -0.401755 -0.837330 0.011752
v -0.429999 -0.837568 0.011752
v -0.444120 -0.837685 -0.012710
v -0.444120 -0.837685 -0.012710
v -0.429999 -0.837568 -0.037168
v -0.372143 -1.144015 0.053868
v -0.337556 -1.145260 0.053868
v -0.340163 -1.025550 0.048355
v -0.368389 -1.024533 0.048355
v -0.320262 -1.145888 0.023895
v -0.326049 -1.026067 0.023895
v -0.337556 -1.145260 -0.006080
v -0.340163 -1.025550 -0.000568
v -0.326049 -1.026067 0.023895
v -0.320262 -1.145888 0.023895
v -0.372143 -1.144015 -0.006080
v -0.368389 -1.024533 -0.000568
v -0.389437 -1.143388 0.023895
v -0.382502 -1.024024 0.023895
v -0.389437 -1.143388 0.023895
v -0.382502 -1.024024 0.023895
v -0.337556 -1.145260 0.053868
v -0.372143 -1.144015 0.053868
v -0.355511 -1.162961 0.023895
v -0.320262 -1.145888 0.023895
v -0.389437 -1.143388 0.023895
v -0.339261 -0.837597 -0.000568
v -0.325148 -0.838110 0.023895
v -0.325148 -0.838110 0.023895
v -0.339261 -0.837597 0.048355
v -0.367487 -0.836580 0.048355
v -0.381600 -0.836072 0.023895
v -0.381600 -0.836072 0.023895
v -0.367487 -0.836580 -0.000568
v -0.365319 -1.144261 -0.010223
v -0.330732 -1.145506 -0.010223
v -0.333338 -1.025804 -0.015735
v -0.361564 -1.024779 -0.015735
v -0.313438 -1.146133 -0.040197
v -0.319225 -1.026312 -0.040197
v -0.330732 -1.145506 -0.070168
v -0.333338 -1.025804 -0.064656
v -0.319225 -1.026312 -0.040197
v -0.313438 -1.146133 -0.040197
v -0.365319 -1.144261 -0.070168
v -0.361564 -1.024779 -0.064656
v -0.382612 -1.143634 -0.040197
v -0.375678 -1.024270 -0.040197
v -0.382612 -1.143634 -0.040197
v -0.375678 -1.024270 -0.040197
v -0.330732 -1.145506 -0.010223
v -0.365319 -1.144261 -0.010223
v -0.348687 -1.163207 -0.040197
v -0.313438 -1.146133 -0.040197
v -0.382612 -1.143634 -0.040197
v -0.332437 -0.837846 -0.064656
v -0.318323 -0.838355 -0.040197
v -0.318323 -0.838355 -0.040197
v -0.332437 -0.837846 -0.015735
v -0.360663 -0.836826 -0.015735
v -0.374775 -0.836317 -0.040197
v -0.374775 -0.836317 -0.040197
v -0.360663 -0.836826 -0.064656
v -0.313040 -1.145743 0.048752
v -0.278529 -1.148362 0.048752
v -0.276392 -1.028642 0.043240
v -0.304555 -1.026507 0.043240
v -0.261274 -1.149667 0.018781
v -0.262310 -1.029710 0.018781
v -0.278529 -1.148362 -0.011193
v -0.276392 -1.028642 -0.005681
v -0.262310 -1.029710 0.018781
v -0.261274 -1.149667 0.018781
v -0.313040 -1.145743 -0.011193
v -0.304555 -1.026507 -0.005681
v -0.330295 -1.144439 0.018781
v -0.318636 -1.025440 0.018781
v -0.330295 -1.144439 0.018781
v -0.318636 -1.025440 0.018781
v -0.278529 -1.148362 0.048752
v -0.313040 -1.145743 0.048752
v -0.297171 -1.165334 0.018781
v -0.261274 -1.149667 0.018781
v -0.330295 -1.144439 0.018781
v -0.268045 -0.840872 -0.005681
v -0.253963 -0.841940 0.018781
v -0.253963 -0.841940 0.018781
v -0.268045 -0.840872 0.043240
v -0.296208 -0.838736 0.043240
v -0.310290 -0.837669 0.018781
v -0.310290 -0.837669 0.018781
v -0.296208 -0.838736 -0.005681
v -0.251377 -1.148370 0.003097
v -0.216789 -1.149624 0.003097
v -0.219396 -1.029913 -0.002415
v -0.247622 -1.028897 -0.002415
v -0.199496 -1.150251 -0.026877
v -0.205283 -1.030422 -0.026877
v -0.216789 -1.149624 -0.056847
v -0.219396 -1.029913 -0.051336
v -0.205283 -1.030422 -0.026877
v -0.199496 -1.150251 -0.026877
v -0.251377 -1.148370 -0.056847
v -0.247622 -1.028897 -0.051336
v -0.268670 -1.147752 -0.026877
v -0.261734 -1.028388 -0.026877
v -0.268670 -1.147752 -0.026877
v -0.261734 -1.028388 -0.026877
v -0.216789 -1.149624 0.003097
v -0.251377 -1.148370 0.003097
v -0.234744 -1.167317 -0.026877
v -0.199496 -1.150251 -0.026877
v -0.268670 -1.147752 -0.026877
v -0.218494 -0.841961 -0.051336
v -0.204381 -0.842470 -0.026877
v -0.204381 -0.842470 -0.026877
v -0.218494 -0.841961 -0.002415
v -0.246720 -0.840940 -0.002415
v -0.260833 -0.840432 -0.026877
v -0.260833 -0.840432 -0.026877
v -0.246720 -0.840940 -0.051336
v 0.402291 -0.690525 0.065665
v 0.431706 -0.690525 0.083904
v 0.428725 -0.570987 0.075570
v 0.404722 -0.570987 0.060685
v 0.462206 -0.690525 0.067551
v 0.453618 -0.570987 0.062224
v 0.463295 -0.690525 0.032958
v 0.454508 -0.570987 0.033994
v 0.453618 -0.570987 0.062224
v 0.462206 -0.690525 0.067551
v 0.433883 -0.690525 0.014718
v 0.430502 -0.570987 0.019107
v 0.403380 -0.690525 0.031071
v 0.405610 -0.570987 0.032453
v 0.403380 -0.690525 0.031071
v 0.405610 -0.570987 0.032453
v 0.431706 -0.690525 0.083904
v 0.402291 -0.690525 0.065665
v 0.432794 -0.708858 0.049312
v 0.462206 -0.690525 0.067551
v 0.403380 -0.690525 0.031071
v 0.449509 -0.383123 0.030894
v 0.448619 -0.383123 0.059125
v 0.448619 -0.383123 0.059125
v 0.423726 -0.383123 0.072470
v 0.399723 -0.383123 0.057586
v 0.400611 -0.383123 0.029356
v 0.400611 -0.383123 0.029356
v 0.425504 -0.383123 0.016010
v 0.017201 -0.687027 -0.058182
v 0.046328 -0.691848 -0.040117
v 0.057550 -0.572511 -0.039647
v 0.033780 -0.568578 -0.054386
v 0.076687 -0.694259 -0.056559
v 0.082325 -0.574477 -0.053064
v 0.077919 -0.691848 -0.091063
v 0.083331 -0.572511 -0.081221
v 0.082325 -0.574477 -0.053064
v 0.076687 -0.694259 -0.056559
v 0.048792 -0.687027 -0.109128
v 0.059561 -0.568578 -0.095960
v 0.018433 -0.684619 -0.092685
v 0.034785 -0.566612 -0.082543
v 0.018433 -0.684619 -0.092685
v 0.034785 -0.566612 -0.082543
v 0.046328 -0.691848 -0.040117
v 0.017201 -0.687027 -0.058182
v 0.045390 -0.707591 -0.075968
v 0.076687 -0.694259 -0.056559
v 0.018433 -0.684619 -0.092685
v 0.100611 -0.385657 -0.070507
v 0.099605 -0.387623 -0.042350
v 0.099605 -0.387623 -0.042350
v 0.074830 -0.385657 -0.028932
v 0.051060 -0.381724 -0.043672
v 0.052065 -0.379758 -0.071828
v 0.052065 -0.379758 -0.071828
v 0.076841 -0.381724 -0.085246
v 0.105588 -0.699007 -0.003373
v 0.135000 -0.698719 0.014866
v 0.131174 -0.579244 0.006007
v 0.107171 -0.579479 -0.008876
v 0.165502 -0.698576 -0.001487
v 0.156066 -0.579126 -0.007338
v 0.166592 -0.698719 -0.036079
v 0.156955 -0.579244 -0.035567
v 0.156066 -0.579126 -0.007338
v 0.165502 -0.698576 -0.001487
v 0.137179 -0.699007 -0.054318
v 0.132952 -0.579479 -0.050450
v 0.106677 -0.699152 -0.037965
v 0.108060 -0.579596 -0.037105
v 0.106677 -0.699152 -0.037965
v 0.108060 -0.579596 -0.037105
v 0.135000 -0.698719 0.014866
v 0.105588 -0.699007 -0.003373
v 0.136219 -0.717195 -0.019646
v 0.165502 -0.698576 -0.001487
v 0.106677 -0.699152 -0.037965
v 0.150628 -0.391435 -0.039490
v 0.149739 -0.391317 -0.011261
v 0.149739 -0.391317 -0.011261
v 0.124847 -0.391435 0.002084
v 0.100843 -0.391670 -0.012799
v 0.101733 -0.391788 -0.041032
v 0.101733 -0.391788 -0.041032
v 0.126625 -0.391670 -0.054378
v 0.174964 -0.698555 -0.011905
v 0.204377 -0.698266 0.006334
v 0.200551 -0.578790 -0.002525
v 0.176548 -0.579025 -0.017409
v 0.234879 -0.698122 -0.010020
v 0.225443 -0.578673 -0.015871
v 0.235969 -0.698266 -0.044612
v 0.226332 -0.578790 -0.044099
v 0.225443 -0.578673 -0.015871
v 0.234879 -0.698122 -0.010020
v 0.206555 -0.698555 -0.062851
v 0.202329 -0.579025 -0.058983
v 0.176054 -0.698699 -0.046497
v 0.177437 -0.579143 -0.045637
v 0.176054 -0.698699 -0.046497
v 0.177437 -0.579143 -0.045637
v 0.204377 -0.698266 0.006334
v 0.174964 -0.698555 -0.011905
v 0.205596 -0.716743 -0.028178
v 0.234879 -0.698122 -0.010020
v 0.176054 -0.698699 -0.046497
v 0.220005 -0.390981 -0.048023
v 0.219115 -0.390863 -0.019794
v 0.219115 -0.390863 -0.019794
v 0.194223 -0.390981 -0.006448
v 0.170220 -0.391216 -0.021332
v 0.171110 -0.391334 -0.049561
v 0.171110 -0.391334 -0.049561
v 0.196002 -0.391216 -0.062910
v 0.207993 -0.697661 0.027534
v 0.237388 -0.698910 0.045763
v 0.238078 -0.579202 0.039704
v 0.214089 -0.578184 0.024827
v 0.267881 -0.699537 0.029402
v 0.262962 -0.579711 0.026352
v 0.268979 -0.698910 -0.005182
v 0.263859 -0.579202 -0.001873
v 0.262962 -0.579711 0.026352
v 0.267881 -0.699537 0.029402
v 0.239584 -0.697661 -0.023412
v 0.239871 -0.578184 -0.016748
v 0.209092 -0.697037 -0.007050
v 0.214986 -0.577673 -0.003398
v 0.209092 -0.697037 -0.007050
v 0.214986 -0.577673 -0.003398
v 0.237388 -0.698910 0.045763
v 0.207993 -0.697661 0.027534
v 0.237925 -0.716606 0.010829
v 0.267881 -0.699537 0.029402
v 0.209092 -0.697037 -0.007050
v 0.264625 -0.391248 -0.001398
v 0.263729 -0.391757 0.026826
v 0.263729 -0.391757 0.026826
v 0.238844 -0.391248 0.040179
v 0.214856 -0.390229 0.025305
v 0.215752 -0.389719 -0.002923
v 0.215752 -0.389719 -0.002923
v 0.240637 -0.390229 -0.016273
v 0.247569 -0.697911 -0.023336
v 0.276963 -0.699155 -0.005110
v 0.277652 -0.579449 -0.011168
v 0.253665 -0.578429 -0.026043
v 0.307456 -0.699783 -0.021467
v 0.302538 -0.579958 -0.024518
v 0.308555 -0.699155 -0.056055
v 0.303434 -0.579449 -0.052742
v 0.302538 -0.579958 -0.024518
v 0.307456 -0.699783 -0.021467
v 0.279160 -0.697911 -0.074281
v 0.279445 -0.578429 -0.067617
v 0.248667 -0.697284 -0.057924
v 0.254561 -0.577920 -0.054268
v 0.248667 -0.697284 -0.057924
v 0.254561 -0.577920 -0.054268
v 0.276963 -0.699155 -0.005110
v 0.247569 -0.697911 -0.023336
v 0.277499 -0.716853 -0.040045
v 0.307456 -0.699783 -0.021467
v 0.248667 -0.697284 -0.057924
v 0.304200 -0.391495 -0.052268
v 0.303304 -0.392004 -0.024043
v 0.303304 -0.392004 -0.024043
v 0.278419 -0.391495 -0.010693
v 0.254431 -0.390475 -0.025568
v 0.255327 -0.389965 -0.053793
v 0.255327 -0.389965 -0.053793
v 0.280212 -0.390475 -0.067143
v 0.260919 -0.699393 0.054335
v 0.290249 -0.702012 0.072522
v 0.294971 -0.582292 0.068964
v 0.271036 -0.580156 0.054122
v 0.320710 -0.703320 0.056143
v 0.319829 -0.583361 0.055597
v 0.321841 -0.702012 0.021577
v 0.320752 -0.582292 0.027386
v 0.319829 -0.583361 0.055597
v 0.320710 -0.703320 0.056143
v 0.292511 -0.699393 0.003389
v 0.296817 -0.580156 0.012545
v 0.262051 -0.698084 0.019768
v 0.271958 -0.579088 0.025911
v 0.262051 -0.698084 0.019768
v 0.271958 -0.579088 0.025911
v 0.290249 -0.702012 0.072522
v 0.260919 -0.699393 0.054335
v 0.290201 -0.718979 0.037225
v 0.320710 -0.703320 0.056143
v 0.262051 -0.698084 0.019768
v 0.327845 -0.394521 0.031787
v 0.326922 -0.395590 0.059996
v 0.326922 -0.395590 0.059996
v 0.302064 -0.394521 0.073362
v 0.278129 -0.392384 0.058520
v 0.279052 -0.391317 0.030313
v 0.279052 -0.391317 0.030313
v 0.303910 -0.392384 0.016942
v 0.337385 -0.702024 0.048031
v 0.366780 -0.703274 0.066258
v 0.367470 -0.583563 0.060199
v 0.343481 -0.582544 0.045324
v 0.397273 -0.703897 0.049899
v 0.392354 -0.584073 0.046849
v 0.398372 -0.703274 0.015311
v 0.393250 -0.583563 0.018624
v 0.392354 -0.584073 0.046849
v 0.397273 -0.703897 0.049899
v 0.368977 -0.702024 -0.002915
v 0.369262 -0.582544 0.003749
v 0.338484 -0.701397 0.013443
v 0.344377 -0.582035 0.017099
v 0.338484 -0.701397 0.013443
v 0.344377 -0.582035 0.017099
v 0.366780 -0.703274 0.066258
v 0.337385 -0.702024 0.048031
v 0.367316 -0.720967 0.031321
v 0.397273 -0.703897 0.049899
v 0.338484 -0.701397 0.013443
v 0.394017 -0.395609 0.019099
v 0.393121 -0.396119 0.047324
v 0.393121 -0.396119 0.047324
v 0.368235 -0.395609 0.060675
v 0.344248 -0.394590 0.045799
v 0.345144 -0.394080 0.017573
v 0.345144 -0.394080 0.017573
v 0.370028 -0.394590 0.004224
v 0.095070 -0.421864 0.019760
v 0.213709 -0.420085 0.041557
v 0.206360 -0.117253 0.031516
v 0.102807 -0.114685 0.009359
v 0.225337 0.078955 0.005558
v 0.130380 0.087589 -0.017091
v 0.235296 0.181152 0.033016
v 0.146606 0.217910 0.013265
v 0.302449 0.287853 0.095132
v 0.240091 0.362913 0.104329
v 0.302449 0.287853 0.095132
v 0.559823 0.314878 0.431571
v 0.497472 0.389554 0.443517
v 0.240091 0.362913 0.104329
v 0.482292 0.310371 0.691746
v 0.424258 0.385258 0.666630
v 0.392802 0.310214 0.819763
v 0.350518 0.385321 0.773097
v 0.206186 0.307765 0.908016
v 0.182219 0.383033 0.850000
v -0.029020 0.306469 0.973574
v -0.026057 0.381835 0.910974
v -0.212147 0.308685 0.892849
v -0.182355 0.383839 0.837438
v -0.374147 0.311637 0.785586
v -0.321835 0.386363 0.749723
v -0.321835 0.386363 0.749723
v -0.374147 0.311637 0.785586
v -0.457249 0.317967 0.411408
v -0.394138 0.392956 0.411969
v -0.320599 0.296704 0.056770
v -0.261133 0.373522 0.062685
v -0.189293 0.202081 -0.038905
v -0.139493 0.283557 -0.034902
v -0.056991 0.259815 -0.087580
v -0.081398 0.173407 -0.098587
v 0.002500 0.167518 -0.134997
v 0.007162 0.257760 -0.114758
v 0.082867 0.173865 -0.138204
v 0.165753 0.196463 -0.122066
v 0.116082 0.274931 -0.099951
v 0.060782 0.258315 -0.115932
v 0.305039 0.319611 -0.010579
v 0.240078 0.384771 -0.006766
v 0.389299 0.386851 0.154885
v 0.330836 0.453319 0.175581
v 0.537275 0.428526 0.387549
v 0.480377 0.492225 0.397729
v 0.521354 0.458975 0.601897
v 0.460592 0.517616 0.580437
v 0.456084 0.494237 0.805224
v 0.397257 0.548547 0.758535
v 0.342114 0.523211 0.919455
v 0.302445 0.580759 0.856592
v 0.182144 0.542997 0.997240
v 0.164524 0.602903 0.930606
v -0.092701 0.536328 1.007112
v -0.079593 0.599086 0.942113
v -0.290850 0.518555 0.865972
v -0.260596 0.590197 0.812979
v -0.401379 0.479825 0.739821
v -0.355455 0.539375 0.684684
v -0.497286 0.452608 0.603161
v -0.435130 0.509557 0.566798
v -0.507763 0.413627 0.390314
v -0.433147 0.474926 0.378841
v -0.482555 0.363495 0.112531
v -0.409206 0.428450 0.125593
v -0.409206 0.428450 0.125593
v -0.482555 0.363495 0.112531
v -0.408693 0.319979 -0.008503
v -0.330121 0.378314 -0.007397
v -0.290310 0.287968 -0.081704
v -0.376693 0.248193 -0.072888
v -0.346779 0.181084 -0.100697
v -0.253094 0.203508 -0.118787
v -0.337583 0.076981 -0.095388
v -0.326801 -0.045073 -0.061067
v -0.230261 -0.046488 -0.077950
v -0.242584 0.088437 -0.112920
v -0.332983 -0.311465 0.020175
v -0.236492 -0.314871 0.003609
v -0.325985 -0.640952 0.054272
v -0.221926 -0.642283 0.037261
v -0.321062 -0.841948 0.056048
v -0.204340 -0.843490 0.039019
v 0.314905 -0.419140 0.092985
v 0.295016 -0.118405 0.083241
v 0.306368 0.072587 0.057707
v 0.308455 0.140903 0.081377
v 0.343258 0.201331 0.107759
v 0.343258 0.201331 0.107759
v 0.593403 0.224862 0.422620
v 0.514952 0.220253 0.702850
v 0.417676 0.219978 0.843193
v 0.221657 0.217440 0.938232
v -0.028414 0.216067 1.007307
v -0.226720 0.218372 0.923556
v -0.401743 0.221558 0.806439
v -0.401743 0.221558 0.806439
v -0.491625 0.227883 0.415101
v -0.360007 0.209262 0.073204
v -0.226396 0.113297 -0.007821
v -0.098854 0.080400 -0.072862
v 0.000322 0.071227 -0.117919
v 0.101159 0.081628 -0.122359
v 0.205157 0.108400 -0.108865
v 0.357893 0.240381 0.004830
v 0.427960 0.302622 0.150386
v 0.576994 0.345281 0.385279
v 0.564589 0.379093 0.620603
v 0.495820 0.417367 0.842169
v 0.370471 0.445931 0.969567
v 0.197409 0.462353 1.041920
v -0.101905 0.454959 1.052300
v -0.303552 0.432911 0.906262
v -0.428931 0.400789 0.784347
v -0.540322 0.374573 0.636159
v -0.557459 0.332952 0.407939
v -0.532314 0.281786 0.116968
v -0.532314 0.281786 0.116968
v -0.470252 0.252960 0.018200
v -0.448407 0.205606 -0.035054
v -0.427987 0.161341 -0.052463
v -0.420153 0.069520 -0.047866
v -0.410964 -0.038133 -0.014384
v -0.417018 -0.305280 0.067321
v -0.416599 -0.637530 0.101494
v -0.422589 -0.838694 0.103311
v 0.429982 -0.417204 0.102198
v 0.396319 -0.121269 0.092807
v 0.398852 0.063851 0.067753
v 0.395389 0.108485 0.089082
v 0.408242 0.136701 0.091399
v 0.408242 0.136701 0.091399
v 0.661003 0.161985 0.410583
v 0.577363 0.157143 0.730962
v 0.462761 0.156630 0.894408
v 0.246711 0.153914 1.001519
v -0.032427 0.152453 1.075161
v -0.259557 0.154995 0.983327
v -0.458669 0.158642 0.844765
v -0.458669 0.158642 0.844765
v -0.559916 0.164637 0.413042
v -0.421801 0.142713 0.055755
v -0.276655 0.041274 -0.024077
v -0.123752 0.003598 -0.091346
v -0.004854 -0.009290 -0.144809
v 0.122780 0.007059 -0.150477
v 0.254414 0.039965 -0.137068
v 0.429250 0.185774 -0.013939
v 0.499823 0.248147 0.125263
v 0.655817 0.294000 0.373073
v 0.642899 0.333066 0.641274
v 0.564754 0.375780 0.889265
v 0.417698 0.406068 1.042428
v 0.217570 0.414978 1.121807
v -0.123415 0.407120 1.132610
v -0.351180 0.378017 0.967304
v -0.493248 0.356461 0.841110
v -0.614565 0.330037 0.670711
v -0.635977 0.283811 0.417794
v -0.608116 0.228340 0.108085
v -0.608116 0.228340 0.108085
v -0.548452 0.202644 0.010748
v -0.532916 0.170170 -0.035749
v -0.518388 0.139810 -0.046841
v -0.511741 0.057573 -0.042693
v -0.503950 -0.038849 -0.009740
v -0.509987 -0.303170 0.071394
v -0.516910 -0.637072 0.106106
v -0.535098 -0.837902 0.107934
v 0.429982 -0.417204 0.102198
v 0.472565 -0.415483 0.048493
v 0.434300 -0.124133 0.039248
v 0.396319 -0.121269 0.092807
v 0.433278 0.058895 0.014371
v 0.398852 0.063851 0.067753
v 0.431893 0.111959 0.037117
v 0.395389 0.108485 0.089082
v 0.453822 0.151915 0.049734
v 0.408242 0.136701 0.091399
v 0.453822 0.151915 0.049734
v 0.720117 0.184499 0.403978
v 0.661003 0.161985 0.410583
v 0.408242 0.136701 0.091399
v 0.629753 0.179432 0.759318
v 0.577363 0.157143 0.730962
v 0.498917 0.178720 0.941842
v 0.462761 0.156630 0.894408
v 0.264629 0.175843 1.058468
v 0.246711 0.153914 1.001519
v -0.039363 0.174343 1.134474
v -0.032427 0.152453 1.075161
v -0.290563 0.177118 1.034260
v -0.259557 0.154995 0.983327
v -0.509352 0.181177 0.875886
v -0.458669 0.158642 0.844765
v -0.509352 0.181177 0.875886
v -0.619039 0.186672 0.405021
v -0.559916 0.164637 0.413042
v -0.458669 0.158642 0.844765
v -0.464350 0.156206 0.010227
v -0.421801 0.142713 0.055755
v -0.304607 0.048167 -0.078327
v -0.276655 0.041274 -0.024077
v -0.138817 0.008754 -0.145330
v -0.009901 -0.005490 -0.203211
v -0.004854 -0.009290 -0.144809
v -0.123752 0.003598 -0.091346
v 0.131729 0.014617 -0.208342
v 0.277798 0.051400 -0.192391
v 0.254414 0.039965 -0.137068
v 0.122780 0.007059 -0.150477
v 0.467138 0.206711 -0.060949
v 0.429250 0.185774 -0.013939
v 0.552244 0.275888 0.092773
v 0.499823 0.248147 0.125263
v 0.713122 0.325310 0.357399
v 0.655817 0.294000 0.373073
v 0.699154 0.367985 0.648227
v 0.642899 0.333066 0.641274
v 0.612976 0.413521 0.912592
v 0.564754 0.375780 0.889265
v 0.449289 0.446109 1.083151
v 0.417698 0.406068 1.042428
v 0.228051 0.448837 1.177840
v 0.217570 0.414978 1.121807
v -0.142174 0.440728 1.186271
v -0.123415 0.407120 1.132610
v -0.400091 0.406043 1.004824
v -0.351180 0.378017 0.967304
v -0.545910 0.392557 0.867607
v -0.493248 0.356461 0.841110
v -0.668243 0.364800 0.680051
v -0.614565 0.330037 0.670711
v -0.690545 0.315010 0.408659
v -0.635977 0.283811 0.417794
v -0.658431 0.254324 0.082711
v -0.608116 0.228340 0.108085
v -0.658431 0.254324 0.082711
v -0.586891 0.214045 -0.037113
v -0.548452 0.202644 0.010748
v -0.608116 0.228340 0.108085
v -0.567614 0.172115 -0.087296
v -0.549596 0.132917 -0.101828
v -0.518388 0.139810 -0.046841
v -0.532916 0.170170 -0.035749
v -0.511741 0.057573 -0.042693
v -0.542969 0.049142 -0.097430
v -0.535199 -0.049085 -0.064181
v -0.503950 -0.038849 -0.009740
v -0.541385 -0.308106 0.015472
v -0.509987 -0.303170 0.071394
v -0.550909 -0.640889 0.050908
v -0.516910 -0.637072 0.106106
v -0.573312 -0.840987 0.052700
v -0.535098 -0.837902 0.107934
v 0.449950 -0.415017 -0.001623
v 0.414546 -0.125095 -0.010918
v 0.415164 0.059149 -0.035893
v 0.418472 0.131418 -0.010761
v 0.459262 0.197717 0.022835
v 0.459262 0.197717 0.022835
v 0.735669 0.235577 0.404524
v 0.642260 0.230434 0.768974
v 0.506522 0.229675 0.955865
v 0.267017 0.226753 1.074390
v -0.043185 0.225270 1.150065
v -0.300054 0.228125 1.046885
v -0.523210 0.232294 0.882681
v -0.523210 0.232294 0.882681
v -0.634244 0.237535 0.399288
v -0.468849 0.201526 -0.017642
v -0.302638 0.090695 -0.114813
v -0.138873 0.052243 -0.184176
v -0.011531 0.038749 -0.240443
v 0.128282 0.059000 -0.245353
v 0.272478 0.095936 -0.227241
v 0.464041 0.252248 -0.088402
v 0.561212 0.327097 0.078097
v 0.724438 0.377915 0.350362
v 0.709394 0.420964 0.643576
v 0.619661 0.466623 0.908321
v 0.452974 0.499444 1.081948
v 0.226645 0.501605 1.186356
v -0.147796 0.493415 1.192948
v -0.418840 0.457340 1.005578
v -0.559543 0.444893 0.860684
v -0.677081 0.416884 0.670345
v -0.696688 0.366439 0.396128
v -0.662367 0.303528 0.066177
v -0.662367 0.303528 0.066177
v -0.579553 0.249325 -0.074608
v -0.553904 0.191815 -0.130925
v -0.529925 0.138061 -0.151202
v -0.522710 0.048100 -0.146355
v -0.514253 -0.057376 -0.112589
v -0.520575 -0.313350 -0.033898
v -0.528552 -0.644351 0.001877
v -0.548312 -0.843999 0.003631
v 0.377792 -0.416119 -0.013841
v 0.350729 -0.123502 -0.023357
v 0.357167 0.064432 -0.048633
v 0.364451 0.153495 -0.021777
v 0.420947 0.242656 0.029076
v 0.420947 0.242656 0.029076
v 0.697129 0.280163 0.411828
v 0.606430 0.275151 0.753372
v 0.480449 0.274528 0.926963
v 0.252283 0.271707 1.038488
v -0.041284 0.270283 1.111367
v -0.281592 0.273007 1.012653
v -0.490854 0.276909 0.860557
v -0.490854 0.276909 0.860557
v -0.595241 0.282316 0.399760
v -0.432321 0.247558 -0.009037
v -0.272179 0.139641 -0.108035
v -0.123922 0.104189 -0.177829
v -0.008639 0.093025 -0.229775
v 0.114833 0.109726 -0.234139
v 0.242174 0.142996 -0.215841
v 0.424549 0.291128 -0.077916
v 0.524722 0.366655 0.091234
v 0.687922 0.415745 0.356757
v 0.671277 0.455689 0.630537
v 0.583163 0.498694 0.879453
v 0.428193 0.529266 1.041895
v 0.214344 0.537108 1.144684
v -0.137951 0.529079 1.151387
v -0.399066 0.496115 0.971066
v -0.530340 0.477515 0.825934
v -0.637739 0.450592 0.648292
v -0.650330 0.402823 0.388921
v -0.617352 0.342200 0.072213
v -0.617352 0.342200 0.072213
v -0.531594 0.284260 -0.072828
v -0.501302 0.215736 -0.135217
v -0.472984 0.151677 -0.161162
v -0.464981 0.055137 -0.155989
v -0.455593 -0.058054 -0.121838
v -0.461939 -0.315316 -0.042930
v -0.465257 -0.645087 -0.007435
v -0.477382 -0.844875 -0.005690
v 0.290849 -0.416373 -0.089482
v 0.274189 -0.123506 -0.099239
v 0.287491 0.068952 -0.124884
v 0.303983 0.196594 -0.093516
v 0.397745 0.338545 -0.001386
v 0.397745 0.338545 -0.001386
v 0.687058 0.382716 0.418335
v 0.594504 0.377709 0.753719
v 0.469802 0.377132 0.922523
v 0.243752 0.374331 1.030998
v -0.044808 0.372971 1.101225
v -0.279456 0.375696 1.002146
v -0.483457 0.379534 0.851974
v -0.483457 0.379534 0.851974
v -0.584349 0.384737 0.392589
v -0.409303 0.343676 -0.040320
v -0.245453 0.234399 -0.162344
v -0.112148 0.202585 -0.233711
v -0.008493 0.194251 -0.277264
v 0.099639 0.208330 -0.277628
v 0.211160 0.238898 -0.253983
v 0.389738 0.381865 -0.109119
v 0.509161 0.465403 0.082327
v 0.676776 0.514958 0.352562
v 0.655614 0.552927 0.614083
v 0.563433 0.593993 0.851059
v 0.413769 0.623346 1.009535
v 0.203142 0.634695 1.123789
v -0.139697 0.626675 1.128483
v -0.403849 0.594455 0.944994
v -0.520829 0.572574 0.790006
v -0.619547 0.545852 0.618045
v -0.621686 0.499334 0.366001
v -0.586861 0.437606 0.057316
v -0.586861 0.437606 0.057316
v -0.483936 0.358373 -0.119664
v -0.441578 0.260615 -0.195513
v -0.401976 0.169234 -0.234037
v -0.392572 0.059339 -0.228021
v -0.381544 -0.069510 -0.192874
v -0.388088 -0.323781 -0.115063
v -0.385591 -0.650222 -0.079344
v -0.388269 -0.849534 -0.077658
v 0.152720 -0.419318 -0.070227
v 0.150398 -0.118981 -0.080433
v 0.172946 0.080722 -0.106670
v 0.193774 0.228510 -0.073625
v 0.305533 0.397722 0.038049
v 0.305533 0.397722 0.038049
v 0.584849 0.436140 0.434426
v 0.501319 0.431501 0.709188
v 0.403394 0.431276 0.843665
v 0.208017 0.428747 0.934445
v -0.036899 0.427502 0.998638
v -0.228577 0.429857 0.912490
v -0.396901 0.432988 0.795312
v -0.396901 0.432988 0.795312
v -0.481415 0.438810 0.399046
v -0.322046 0.405781 0.000097
v -0.178058 0.305752 -0.122160
v -0.078107 0.279855 -0.183413
v -0.000386 0.276121 -0.215620
v 0.072300 0.281981 -0.214752
v 0.147264 0.304071 -0.192103
v 0.300458 0.427518 -0.067147
v 0.416138 0.507265 0.125964
v 0.579777 0.551580 0.373703
v 0.554819 0.582131 0.588805
v 0.471247 0.617054 0.791019
v 0.352098 0.643550 0.921447
v 0.178545 0.660670 1.023643
v -0.113165 0.653383 1.030024
v -0.340236 0.629260 0.870115
v -0.439358 0.598929 0.720382
v -0.521155 0.573590 0.577019
v -0.511521 0.533782 0.361436
v -0.480835 0.479342 0.088809
v -0.480835 0.479342 0.088809
v -0.381791 0.404678 -0.080166
v -0.334865 0.296500 -0.164187
v -0.291000 0.195370 -0.210350
v -0.280345 0.076320 -0.203999
v -0.267854 -0.063265 -0.168462
v -0.274333 -0.323328 -0.089830
v -0.264092 -0.648650 -0.054492
v -0.254122 -0.848703 -0.052802
v 0.093966 -0.419051 -0.141542
v 0.101287 -0.119748 -0.151888
v 0.129786 0.082798 -0.178355
v 0.158006 0.261896 -0.141534
v 0.300252 0.473991 0.003974
v 0.300252 0.473991 0.003974
v 0.593072 0.519377 0.437559
v 0.506344 0.514680 0.717031
v 0.405044 0.514437 0.853008
v 0.206384 0.511878 0.944036
v -0.041407 0.510675 1.006858
v -0.235258 0.513094 0.918193
v -0.404880 0.516289 0.797168
v -0.404880 0.516289 0.797168
v -0.489020 0.521818 0.391502
v -0.316090 0.481761 -0.034592
v -0.165408 0.378941 -0.167466
v -0.073271 0.355318 -0.226301
v -0.001625 0.353355 -0.253479
v 0.063253 0.358245 -0.248853
v 0.130164 0.379340 -0.223327
v 0.276210 0.501436 -0.102548
v 0.407038 0.589032 0.110571
v 0.572927 0.634653 0.366354
v 0.546333 0.664687 0.578275
v 0.462676 0.698901 0.776023
v 0.345292 0.728402 0.905695
v 0.172544 0.748402 1.010306
v -0.116184 0.741001 1.015136
v -0.345908 0.720271 0.856600
v -0.438710 0.682395 0.700266
v -0.515918 0.654611 0.556741
v -0.504950 0.614796 0.341586
v -0.471323 0.558126 0.066275
v -0.471323 0.558126 0.066275
v -0.356186 0.463530 -0.129701
v -0.299174 0.330813 -0.224077
v -0.245879 0.206745 -0.279924
v -0.234177 0.077231 -0.272870
v -0.220455 -0.074628 -0.236507
v -0.227123 -0.331022 -0.158514
v -0.211800 -0.653540 -0.123397
v -0.193615 -0.853033 -0.121757
v 0.042537 -0.420466 -0.114335
v 0.056533 -0.117482 -0.124850
v 0.088544 0.087649 -0.151528
v 0.116777 0.267898 -0.114915
v 0.259398 0.481413 0.030817
v 0.259398 0.481413 0.030817
v 0.544160 0.522364 0.444118
v 0.462388 0.517852 0.694621
v 0.374217 0.517776 0.814493
v 0.190446 0.515352 0.897357
v -0.036623 0.514188 0.957772
v -0.210242 0.516421 0.875682
v -0.363198 0.519276 0.770750
v -0.363198 0.519276 0.770750
v -0.439938 0.525161 0.396403
v -0.277680 0.490593 -0.008126
v -0.137817 0.392728 -0.131103
v -0.058934 0.371226 -0.185227
v 0.002405 0.370912 -0.208655
v 0.053070 0.372293 -0.205003
v 0.105322 0.389761 -0.182977
v 0.238890 0.503274 -0.075036
v 0.362597 0.587104 0.134519
v 0.525019 0.629992 0.377928
v 0.497603 0.656763 0.569418
v 0.420478 0.688348 0.752472
v 0.317113 0.719568 0.868412
v 0.162913 0.741391 0.961585
v -0.102807 0.735222 0.969033
v -0.310128 0.721640 0.825016
v -0.397536 0.675426 0.673289
v -0.469612 0.646409 0.543190
v -0.456393 0.609669 0.344615
v -0.425241 0.556914 0.084902
v -0.425241 0.556914 0.084902
v -0.316028 0.469554 -0.101959
v -0.259527 0.338393 -0.195797
v -0.206711 0.215780 -0.251136
v -0.194706 0.084768 -0.244112
v -0.180632 -0.068841 -0.207782
v -0.187222 -0.328827 -0.128849
v -0.168770 -0.651557 -0.094249
v -0.145210 -0.851533 -0.092592
v 0.017892 -0.421978 -0.053835
v 0.035384 -0.114893 -0.064448
v 0.068725 0.091407 -0.091224
v 0.093418 0.257917 -0.056606
v 0.221926 0.452452 0.073271
v 0.221926 0.452452 0.073271
v 0.492384 0.485759 0.449049
v 0.416977 0.481451 0.668965
v 0.343265 0.481545 0.772369
v 0.175623 0.479260 0.847131
v -0.029801 0.478122 0.905830
v -0.182587 0.480142 0.831362
v -0.318612 0.482637 0.744013
v -0.318612 0.482637 0.744013
v -0.388289 0.489005 0.404783
v -0.242920 0.463148 0.033825
v -0.116824 0.371460 -0.075794
v -0.047200 0.350953 -0.125274
v 0.006938 0.351412 -0.147224
v 0.047402 0.349815 -0.146059
v 0.089133 0.364214 -0.127947
v 0.211019 0.469961 -0.033093
v 0.319729 0.546386 0.165267
v 0.475874 0.585974 0.392746
v 0.449437 0.609801 0.565752
v 0.380937 0.639242 0.735948
v 0.291532 0.672888 0.835981
v 0.156130 0.695331 0.915295
v -0.086321 0.691886 0.926522
v -0.267823 0.683742 0.796486
v -0.353583 0.630671 0.655623
v -0.424131 0.599903 0.539558
v -0.411773 0.566175 0.357008
v -0.384648 0.518305 0.109380
v -0.384648 0.518305 0.109380
v -0.288889 0.447494 -0.054441
v -0.237680 0.329508 -0.141195
v -0.189809 0.219215 -0.189916
v -0.178008 0.091712 -0.183252
v -0.164173 -0.057779 -0.147347
v -0.170596 -0.323027 -0.066905
v -0.150874 -0.647295 -0.032995
v -0.124852 -0.848009 -0.031296
v 0.035384 -0.114893 -0.064448
v 0.017892 -0.421978 -0.053835
v 0.068725 0.091407 -0.091224
v 0.093418 0.257917 -0.056606
v 0.221926 0.452452 0.073271
v 0.492384 0.485759 0.449049
v 0.221926 0.452452 0.073271
v 0.416977 0.481451 0.668965
v 0.343265 0.481545 0.772369
v 0.175623 0.479260 0.847131
v -0.029801 0.478122 0.905830
v -0.182587 0.480142 0.831362
v -0.318612 0.482637 0.744013
v -0.318612 0.482637 0.744013
v -0.388289 0.489005 0.404783
v -0.242920 0.463148 0.033825
v -0.116824 0.371460 -0.075794
v -0.047200 0.350953 -0.125274
v 0.006938 0.351412 -0.147224
v 0.089133 0.364214 -0.127947
v 0.047402 0.349815 -0.146059
v 0.211019 0.469961 -0.033093
v 0.319729 0.546386 0.165267
v 0.475874 0.585974 0.392746
v 0.449437 0.609801 0.565752
v 0.380937 0.639242 0.735948
v 0.291532 0.672888 0.835981
v 0.156130 0.695331 0.915295
v -0.086321 0.691886 0.926522
v -0.267823 0.683742 0.796486
v -0.353583 0.630671 0.655623
v -0.424131 0.599903 0.539558
v -0.411773 0.566175 0.357008
v -0.384648 0.518305 0.109380
v -0.384648 0.518305 0.109380
v -0.288889 0.447494 -0.054441
v -0.237680 0.329508 -0.141195
v -0.189809 0.219215 -0.189916
v -0.164173 -0.057779 -0.147347
v -0.178008 0.091712 -0.183252
v -0.170596 -0.323027 -0.066905
v -0.150874 -0.647295 -0.032995
v -0.124852 -0.848009 -0.031296
v 0.213709 -0.420085 0.041557
v 0.095070 -0.421864 0.019760
v 0.245228 -0.418496 -0.019675
v 0.314905 -0.419140 0.092985
v 0.429982 -0.417204 0.102198
v 0.472565 -0.415483 0.048493
v 0.449950 -0.415017 -0.001623
v 0.377792 -0.416119 -0.013841
v 0.290849 -0.416373 -0.089482
v 0.152720 -0.419318 -0.070227
v 0.042537 -0.420466 -0.114335
v 0.093966 -0.419051 -0.141542
v 0.017892 -0.421978 -0.053835
v -0.204340 -0.843490 0.039019
v -0.321062 -0.841948 0.056048
v -0.349082 -0.845468 0.020721
v -0.422589 -0.838694 0.103311
v -0.535098 -0.837902 0.107934
v -0.573312 -0.840987 0.052700
v -0.548312 -0.843999 0.003631
v -0.477382 -0.844875 -0.005690
v -0.388269 -0.849534 -0.077658
v -0.254122 -0.848703 -0.052802
v -0.193615 -0.853033 -0.121757
v -0.145210 -0.851533 -0.092592
v -0.124852 -0.848009 -0.031296
v -0.186921 -1.136872 -0.016121
v -0.152312 -1.136872 -0.016121
v -0.159236 -1.017339 -0.021637
v -0.187481 -1.017339 -0.021637
v -0.135007 -1.136872 -0.046095
v -0.145115 -1.017339 -0.046095
v -0.152312 -1.136872 -0.076069
v -0.159236 -1.017339 -0.070553
v -0.145115 -1.017339 -0.046095
v -0.135007 -1.136872 -0.046095
v -0.186921 -1.136872 -0.076069
v -0.187481 -1.017339 -0.070553
v -0.204226 -1.136872 -0.046095
v -0.201603 -1.017339 -0.046095
v -0.204226 -1.136872 -0.046095
v -0.201603 -1.017339 -0.046095
v -0.152312 -1.136872 -0.016121
v -0.186921 -1.136872 -0.016121
v -0.169616 -1.155208 -0.046095
v -0.135007 -1.136872 -0.046095
v -0.204226 -1.136872 -0.046095
v -0.165118 -0.829471 -0.070553
v -0.150996 -0.829471 -0.046095
v -0.150996 -0.829471 -0.046095
v -0.165118 -0.829471 -0.021637
v -0.193363 -0.829471 -0.021637
v -0.207484 -0.829471 -0.046095
v -0.207484 -0.829471 -0.046095
v -0.193363 -0.829471 -0.070553
vn -0.5043 -0.3704 0.7801
vn 0.3950 -0.4819 0.7821
vn 0.5026 -0.0314 0.8639
vn -0.4954 0.0787 0.8651
vn 0.8404 -0.5420 -0.0001
vn 0.9969 -0.0785 -0.0000
vn 0.3950 -0.4819 -0.7821
vn 0.5026 -0.0314 -0.8639
vn 0.8404 -0.5420 -0.0000
vn -0.5043 -0.3704 -0.7801
vn -0.4954 0.0787 -0.8651
vn -0.9495 -0.3139 -0.0000
vn -0.9910 0.1337 -0.0000
vn -0.5043 -0.3703 0.7801
vn -0.1413 -0.9900 -0.0000
vn 0.8404 -0.5419 -0.0001
vn 0.4903 -0.0553 -0.8698
vn 0.9939 -0.1104 -0.0000
vn 0.4869 -0.0550 0.8717
vn -0.5055 0.0553 0.8610
vn -0.9939 0.1104 -0.0000
vn -0.5056 0.0553 -0.8610
vn -0.4417 -0.4417 0.7809
vn 0.4651 -0.4178 0.7804
vn 0.4965 0.0473 0.8668
vn -0.4970 0.0079 0.8677
vn 0.9125 -0.4091 -0.0001
vn 0.9980 0.0629 -0.0000
vn 0.4589 -0.4193 -0.7833
vn 0.4964 0.0473 -0.8668
vn 0.9125 -0.4091 -0.0000
vn -0.4417 -0.4417 -0.7809
vn -0.4970 0.0079 -0.8677
vn -0.8928 -0.4504 0.0001
vn -0.9999 -0.0158 -0.0000
vn -0.8928 -0.4504 -0.0000
vn -0.9999 -0.0157 -0.0000
vn 0.4651 -0.4178 0.7805
vn 0.0080 -1.0000 -0.0000
vn 0.9125 -0.4090 -0.0001
vn -0.8929 -0.4503 -0.0000
vn 0.4935 0.0157 -0.8696
vn 0.9992 0.0394 -0.0000
vn 0.4876 0.0157 0.8729
vn -0.5062 -0.0238 0.8621
vn -0.9992 -0.0393 -0.0000
vn -0.5062 -0.0237 -0.8621
vn 0.9980 0.0628 -0.0000
vn 0.4589 -0.4194 -0.7833
vn -0.4416 -0.4417 -0.7810
vn -0.8929 -0.4503 0.0001
vn 0.4652 -0.4178 0.7804
vn 0.9125 -0.4090 -0.0000
vn 0.9992 0.0393 -0.0000
vn -0.5062 -0.0237 0.8621
vn -0.4574 -0.4258 0.7807
vn 0.4417 -0.4417 0.7809
vn 0.5028 0.0236 0.8641
vn -0.4968 0.0315 0.8673
vn 0.8928 -0.4504 -0.0001
vn 0.9997 0.0236 -0.0000
vn 0.4417 -0.4416 -0.7809
vn 0.5027 0.0236 -0.8641
vn 0.8928 -0.4504 -0.0000
vn -0.4574 -0.4258 -0.7807
vn -0.4967 0.0315 -0.8673
vn -0.9125 -0.4091 -0.0000
vn -0.9995 0.0314 -0.0000
vn -0.9995 0.0315 -0.0000
vn -0.4573 -0.4258 0.7807
vn -0.0393 -0.9992 -0.0000
vn 0.8929 -0.4503 -0.0000
vn -0.9125 -0.4090 -0.0000
vn 0.4969 -0.0000 -0.8678
vn 1.0000 -0.0079 -0.0000
vn 0.4936 -0.0000 0.8697
vn -0.5063 -0.0000 0.8623
vn -1.0000 0.0079 -0.0000
vn -0.5063 -0.0000 -0.8623
vn 0.4417 -0.4417 -0.7809
vn -0.4968 0.0315 -0.8673
vn -0.9125 -0.4090 0.0001
vn 0.4970 -0.0000 -0.8678
vn 1.0000 -0.0078 -0.0000
vn -0.4743 -0.4031 0.7826
vn 0.4258 -0.4574 0.7807
vn 0.5029 0.0078 0.8643
vn -0.4965 0.0473 0.8668
vn 0.8731 -0.4876 -0.0001
vn 0.9999 -0.0157 -0.0000
vn 0.4259 -0.4574 -0.7807
vn 0.5029 0.0078 -0.8643
vn 0.8730 -0.4877 -0.0000
vn -0.4744 -0.4032 -0.7826
vn -0.4964 0.0473 -0.8668
vn -0.9263 -0.3768 0.0001
vn -0.9975 0.0707 -0.0000
vn -0.9263 -0.3769 -0.0000
vn -0.0785 -0.9969 -0.0000
vn 0.8731 -0.4876 -0.0000
vn -0.9263 -0.3768 -0.0000
vn 0.4935 -0.0235 -0.8694
vn 0.9989 -0.0472 -0.0000
vn 0.4875 -0.0236 0.8728
vn -0.5062 0.0237 0.8621
vn -0.9989 0.0472 -0.0000
vn -0.5062 0.0237 -0.8621
vn 0.5027 0.0236 0.8641
vn 0.4418 -0.4417 0.7809
vn -0.7866 -0.4405 0.4327
vn -0.0236 -0.4249 0.9049
vn -0.0315 0.0394 0.9987
vn -0.8815 0.0079 0.4722
vn 0.7715 -0.4173 0.4802
vn 0.8485 0.0550 0.5264
vn 0.8005 -0.4238 -0.4239
vn 0.8808 0.0393 -0.4719
vn 0.0315 -0.4407 -0.8971
vn 0.0315 0.0079 -0.9995
vn -0.7634 -0.4407 -0.4722
vn -0.8497 -0.0079 -0.5272
vn -0.7634 -0.4408 -0.4722
vn -0.0000 -1.0000 -0.0000
vn 0.7715 -0.4172 0.4802
vn 0.8763 0.0158 -0.4815
vn 0.8493 0.0315 0.5269
vn -0.0394 0.0157 0.9991
vn -0.8847 -0.0158 0.4660
vn -0.8493 -0.0314 -0.5269
vn 0.0235 -0.0158 -0.9996
vn -0.8368 -0.3710 0.4026
vn -0.0787 -0.4801 0.8737
vn -0.0315 -0.0314 0.9990
vn -0.8770 0.0790 0.4740
vn 0.7155 -0.5425 0.4402
vn 0.8471 -0.0784 0.5255
vn 0.7485 -0.4806 -0.4570
vn 0.8810 -0.0314 -0.4720
vn 0.7154 -0.5425 0.4403
vn -0.0157 -0.3700 -0.9289
vn 0.0392 0.0784 -0.9961
vn -0.8039 -0.3153 -0.5044
vn -0.8434 0.1340 -0.5203
vn -0.1179 -0.9905 -0.0707
vn 0.7155 -0.5424 0.4402
vn -0.8039 -0.3152 -0.5044
vn 0.8751 -0.0552 -0.4809
vn 0.8424 -0.1102 0.5275
vn -0.0393 -0.0550 0.9977
vn -0.8834 0.0552 0.4653
vn -0.8424 0.1102 -0.5275
vn 0.0236 0.0550 -0.9982
vn -0.0237 -0.4184 0.9079
vn -0.0315 0.0472 0.9984
vn -0.8814 0.0078 0.4722
vn 0.7741 -0.4107 0.4818
vn 0.8476 0.0706 0.5259
vn 0.8032 -0.4174 -0.4252
vn 0.8805 0.0472 -0.4717
vn 0.7740 -0.4108 0.4818
vn 0.0393 -0.4406 -0.8969
vn 0.0315 0.0078 -0.9995
vn -0.7574 -0.4497 -0.4734
vn -0.8497 -0.0157 -0.5271
vn -0.7574 -0.4498 -0.4734
vn -0.0236 -0.4184 0.9080
vn -0.7866 -0.4405 0.4326
vn 0.0079 -0.9999 0.0079
vn -0.7575 -0.4497 -0.4733
vn 0.8763 0.0158 -0.4816
vn 0.8491 0.0393 0.5268
vn -0.0393 0.0158 0.9991
vn -0.8845 -0.0237 0.4659
vn -0.8491 -0.0393 -0.5268
vn 0.0236 -0.0236 -0.9994
vn -0.8814 0.0077 0.4722
vn 0.7740 -0.4107 0.4818
vn -0.8496 -0.0157 -0.5271
vn -0.8005 -0.4238 0.4238
vn -0.0393 -0.4406 0.8969
vn -0.0314 0.0237 0.9992
vn -0.8810 0.0314 0.4720
vn 0.7575 -0.4497 0.4733
vn 0.8495 0.0236 0.5270
vn 0.7866 -0.4405 -0.4327
vn 0.8812 0.0236 -0.4721
vn 0.7574 -0.4497 0.4734
vn 0.0236 -0.4249 -0.9049
vn 0.0315 0.0314 -0.9990
vn -0.7741 -0.4108 -0.4818
vn -0.8493 0.0314 -0.5269
vn -0.7740 -0.4108 -0.4818
vn -0.0393 -0.4405 0.8969
vn -0.8005 -0.4237 0.4238
vn -0.0315 -0.9994 -0.0158
vn -0.7741 -0.4107 -0.4818
vn 0.8764 -0.0000 -0.4816
vn 0.8497 -0.0079 0.5272
vn 0.8497 -0.0079 0.5271
vn -0.0393 -0.0000 0.9992
vn -0.8847 -0.0000 0.4661
vn -0.8497 0.0079 -0.5271
vn -0.8497 0.0079 -0.5272
vn 0.0236 0.0001 -0.9997
vn -0.8810 0.0315 0.4720
vn 0.7574 -0.4497 0.4733
vn -0.8494 0.0315 -0.5269
vn -0.8493 0.0315 -0.5269
vn -0.0315 -0.9994 -0.0157
vn -0.0394 -0.0001 0.9992
vn -0.8848 -0.0000 0.4661
vn 0.0236 -0.0000 -0.9997
vn -0.8191 -0.4017 0.4096
vn -0.0550 -0.4560 0.8883
vn -0.0315 0.0079 0.9995
vn -0.8805 0.0472 0.4717
vn 0.7395 -0.4877 0.4641
vn 0.8497 -0.0157 0.5271
vn 0.7723 -0.4571 -0.4412
vn 0.8815 0.0079 -0.4722
vn 0.7394 -0.4877 0.4641
vn 0.0079 -0.4025 -0.9154
vn 0.0315 0.0472 -0.9984
vn -0.7869 -0.3778 -0.4879
vn -0.8476 0.0706 -0.5259
vn -0.8476 0.0706 -0.5258
vn -0.0550 -0.4559 0.8883
vn -0.8191 -0.4016 0.4096
vn -0.0628 -0.9973 -0.0392
vn -0.7870 -0.3777 -0.4879
vn 0.8761 -0.0237 -0.4815
vn 0.8488 -0.0472 0.5266
vn -0.0393 -0.0236 0.9989
vn -0.8845 0.0237 0.4659
vn -0.8488 0.0471 -0.5266
vn 0.0236 0.0236 -0.9994
vn 0.7866 -0.4405 -0.4326
vn 0.7574 -0.4498 0.4734
vn -0.7740 -0.4107 -0.4818
vn -0.1809 0.0315 0.9830
vn -0.1809 0.0314 0.9830
vn -0.2051 0.0395 0.9779
vn -0.2120 0.1491 0.9658
vn -0.2121 0.1492 0.9658
vn -0.2436 -0.2278 0.9427
vn -0.2847 -0.1819 0.9412
vn -0.3307 -0.3149 0.8897
vn -0.2995 -0.3625 0.8826
vn -0.3307 -0.3149 0.8896
vn -0.6125 -0.5968 0.5183
vn -0.2994 -0.3625 0.8826
vn -0.7648 -0.5992 -0.2366
vn -0.7226 -0.6440 -0.2513
vn -0.6384 -0.6305 -0.4414
vn -0.3310 -0.6225 -0.7092
vn -0.3154 -0.6387 -0.7018
vn -0.2047 -0.6219 -0.7558
vn -0.2047 -0.6219 -0.7559
vn 0.3148 -0.6138 -0.7240
vn 0.3225 -0.6371 -0.7001
vn 0.4262 -0.6155 -0.6629
vn 0.4262 -0.6155 -0.6630
vn 0.4261 -0.6156 -0.6629
vn 0.7626 -0.6211 -0.1808
vn 0.7566 -0.6305 -0.1734
vn 0.7240 -0.6138 0.3148
vn 0.7383 -0.5969 0.3142
vn 0.4173 -0.2991 0.8581
vn 0.3785 -0.2207 0.8989
vn 0.3784 -0.2207 0.8989
vn -0.0942 -0.3218 0.9421
vn -0.0943 -0.3218 0.9421
vn -0.0942 -0.3219 0.9421
vn -0.1815 -0.2919 0.9391
vn -0.2992 -0.4330 0.8503
vn -0.3242 -0.3717 0.8699
vn -0.5820 -0.6056 0.5427
vn -0.5537 -0.6487 0.5221
vn -0.6061 -0.6219 0.4959
vn -0.6062 -0.6218 0.4959
vn -0.7412 -0.6702 0.0394
vn -0.6990 -0.7147 0.0236
vn -0.6440 -0.7617 -0.0707
vn -0.6440 -0.7618 -0.0707
vn -0.5036 -0.8105 -0.2991
vn -0.5832 -0.7487 -0.3153
vn -0.3475 -0.7898 -0.5055
vn -0.4079 -0.7294 -0.5491
vn -0.0078 -0.7188 -0.6951
vn -0.0079 -0.7188 -0.6951
vn 0.4631 -0.6828 -0.5651
vn 0.4645 -0.6455 -0.6062
vn 0.5998 -0.7418 -0.2999
vn 0.5755 -0.7804 -0.2444
vn 0.7000 -0.7079 0.0944
vn 0.6384 -0.7565 0.1418
vn 0.6315 -0.7498 0.1973
vn 0.6315 -0.7499 0.1973
vn 0.6315 -0.7499 0.1974
vn 0.4988 -0.6729 0.5463
vn 0.4940 -0.6743 0.5489
vn 0.2289 -0.2841 0.9311
vn 0.2289 -0.2840 0.9311
vn 0.2518 -0.2989 0.9205
vn 0.1730 0.2830 0.9434
vn 0.1421 0.2604 0.9550
vn 0.1738 0.1027 0.9794
vn 0.1647 0.1098 0.9802
vn 0.1657 0.0158 0.9861
vn 0.1414 0.0236 0.9897
vn -0.4566 -0.0000 0.8897
vn -0.4954 0.1415 0.8571
vn -0.5356 -0.2599 0.8035
vn -0.5652 -0.0314 0.8244
vn -0.5652 -0.0314 0.8243
vn -0.7272 -0.3320 0.6008
vn -0.9129 -0.3148 -0.2598
vn -0.7708 -0.3461 -0.5349
vn -0.4094 -0.3307 -0.8503
vn -0.2522 -0.3389 -0.9064
vn 0.3623 -0.3230 -0.8743
vn 0.5185 -0.3378 -0.7855
vn 0.5185 -0.3377 -0.7856
vn 0.9197 -0.3302 -0.2122
vn 0.8768 -0.3238 0.3555
vn 0.5499 0.0628 0.8328
vn 0.4188 0.1659 0.8928
vn -0.1498 0.0788 0.9856
vn -0.5274 -0.1102 0.8424
vn -0.7507 -0.3952 0.5295
vn -0.7511 -0.3717 0.5456
vn -0.9020 -0.4314 0.0157
vn -0.8383 -0.5172 -0.1724
vn -0.6452 -0.5745 -0.5036
vn -0.3548 -0.5993 -0.7176
vn -0.0158 -0.4816 -0.8763
vn 0.5576 -0.4477 -0.6990
vn 0.6561 -0.5297 -0.5375
vn 0.7031 -0.5689 -0.4266
vn 0.8779 -0.4782 0.0235
vn 0.8583 -0.4883 0.1575
vn 0.8584 -0.4883 0.1575
vn 0.7179 -0.4024 0.5680
vn 0.5129 -0.1026 0.8523
vn 0.4794 0.2986 0.8252
vn 0.4794 0.2987 0.8252
vn 0.4895 0.2447 0.8370
vn 0.4951 0.0864 0.8645
vn 0.4628 -0.0078 0.8864
vn -0.0785 0.0235 0.9966
vn -0.0869 0.1342 0.9871
vn -0.1418 -0.4332 0.8901
vn -0.1025 -0.0395 0.9939
vn -0.1026 -0.0394 0.9939
vn -0.5426 -0.6841 0.4875
vn -0.6864 -0.7022 -0.1894
vn -0.5648 -0.7217 -0.4001
vn -0.3007 -0.7202 -0.6252
vn -0.1730 -0.7158 -0.6765
vn 0.2588 -0.7137 -0.6509
vn 0.3943 -0.7098 -0.5836
vn 0.3944 -0.7098 -0.5837
vn 0.6774 -0.7168 -0.1654
vn 0.6444 -0.7072 0.2908
vn 0.2364 -0.3704 0.8983
vn 0.3632 -0.3159 0.8765
vn -0.0000 -0.3796 0.9252
vn -0.1893 -0.4889 0.8516
vn -0.4179 -0.7333 0.5362
vn -0.4483 -0.7865 0.4247
vn -0.5340 -0.8402 0.0942
vn -0.5121 -0.8588 -0.0158
vn -0.3998 -0.8937 -0.2039
vn -0.1891 -0.9062 -0.3783
vn -0.0000 -0.8589 -0.5122
vn 0.3924 -0.8319 -0.3924
vn 0.3700 -0.8896 -0.2677
vn 0.4399 -0.8797 -0.1806
vn 0.5518 -0.8277 0.1025
vn 0.5511 -0.8109 0.1968
vn 0.5511 -0.8109 0.1969
vn 0.4659 -0.7423 0.4817
vn 0.1177 -0.2904 0.9496
vn 0.1177 -0.2903 0.9497
vn 0.0472 0.3229 0.9452
vn 0.0473 0.3229 0.9452
vn 0.0474 0.2921 0.9552
vn 0.0473 0.1025 0.9936
vn 0.0393 0.0079 0.9992
vn -0.0785 0.0236 0.9966
vn 0.7762 0.1176 0.6194
vn 0.8414 0.0787 0.5347
vn -0.0868 0.1342 0.9871
vn 0.8118 -0.2128 0.5438
vn 0.6633 -0.5291 0.5291
vn 0.6634 -0.5291 0.5291
vn 0.3307 -0.9291 -0.1653
vn -0.5425 -0.6841 0.4875
vn 0.3621 -0.9288 0.0787
vn -0.6864 -0.7022 -0.1893
vn 0.2995 -0.9301 0.2128
vn -0.5648 -0.7218 -0.4000
vn 0.1654 -0.9372 0.3071
vn 0.0946 -0.9302 0.3547
vn -0.1731 -0.7158 -0.6765
vn -0.1412 -0.9335 0.3295
vn -0.2283 -0.9290 0.2913
vn -0.3554 -0.9320 0.0711
vn 0.3944 -0.7099 -0.5836
vn -0.2683 -0.9628 -0.0316
vn 0.6444 -0.7073 0.2908
vn -0.4735 -0.8602 0.1894
vn -0.1335 -0.9895 -0.0550
vn 0.3633 -0.3159 0.8765
vn 0.2526 -0.9629 -0.0947
vn -0.0000 -0.3796 0.9251
vn 0.0001 -0.3796 0.9252
vn 0.5836 -0.8045 0.1104
vn -0.1892 -0.4889 0.8516
vn 0.5497 -0.8324 0.0707
vn -0.4179 -0.7334 0.5362
vn 0.4571 -0.8826 -0.1103
vn -0.4483 -0.7865 0.4248
vn 0.5041 -0.8506 0.1497
vn -0.5339 -0.8402 0.0943
vn 0.4945 -0.8164 0.2983
vn -0.5121 -0.8588 -0.0157
vn 0.3627 -0.7885 0.4968
vn -0.3998 -0.8937 -0.2038
vn 0.1963 -0.8557 0.4789
vn 0.0316 -0.8436 0.5361
vn -0.2129 -0.8593 0.4651
vn -0.3387 -0.8269 0.4489
vn -0.4485 -0.7947 0.4091
vn 0.4398 -0.8797 -0.1807
vn -0.5091 -0.8381 0.1958
vn -0.4973 -0.8605 0.1106
vn -0.4973 -0.8605 0.1105
vn -0.3781 -0.9217 0.0866
vn -0.7237 -0.5035 0.4720
vn -0.8725 0.0943 0.4795
vn -0.8725 0.0943 0.4794
vn 0.0472 0.3230 0.9452
vn -0.8690 0.1659 0.4661
vn 0.0473 0.2921 0.9552
vn -0.8507 0.0788 0.5198
vn -0.8221 0.0949 0.5613
vn 0.9230 0.1026 -0.3708
vn 0.9394 -0.0473 -0.3395
vn 0.9381 0.0710 -0.3390
vn 0.8578 -0.3306 -0.3935
vn 0.7984 -0.2371 -0.5534
vn 0.9315 -0.2763 0.2368
vn 0.7775 -0.2750 0.5655
vn 0.4247 -0.2910 0.8573
vn 0.2281 -0.2675 0.9362
vn -0.3617 -0.2830 0.8883
vn -0.5767 -0.2607 0.7742
vn -0.9423 -0.2592 0.2120
vn -0.8976 -0.2914 -0.3307
vn -0.6539 -0.4412 -0.6146
vn -0.3777 -0.6058 -0.7003
vn -0.3777 -0.6058 -0.7002
vn 0.2433 -0.5807 -0.7769
vn 0.2432 -0.5807 -0.7769
vn 0.7149 -0.3221 -0.6206
vn 0.8799 -0.2672 -0.3929
vn 0.8510 -0.2443 -0.4649
vn 0.9801 -0.1818 0.0791
vn 0.9388 -0.0947 0.3313
vn 0.7185 -0.0316 0.6948
vn 0.4178 -0.1340 0.8986
vn 0.0236 -0.1260 0.9918
vn -0.5366 -0.2051 0.8185
vn -0.7079 -0.0944 0.7000
vn -0.8488 -0.0472 0.5266
vn -0.9918 -0.0945 0.0866
vn -0.9908 -0.1101 -0.0786
vn -0.8716 -0.2592 -0.4161
vn -0.8907 -0.2522 -0.3783
vn -0.9089 -0.1896 -0.3715
vn -0.9089 -0.1896 -0.3714
vn -0.9210 -0.0945 -0.3779
vn -0.9221 -0.0236 -0.3862
vn -0.8849 0.0845 -0.4581
vn 0.1886 -0.0157 -0.9819
vn 0.1974 -0.1342 -0.9711
vn 0.2918 0.2523 -0.9226
vn 0.2608 0.3476 -0.9007
vn 0.2607 0.3476 -0.9007
vn 0.6224 0.5987 -0.5042
vn 0.7304 0.6518 0.2042
vn 0.6156 0.6471 0.4499
vn 0.3227 0.6533 0.6849
vn 0.1813 0.6465 0.7411
vn -0.2837 0.6540 0.7013
vn -0.4391 0.6508 0.6194
vn -0.4390 0.6508 0.6195
vn -0.7421 0.6473 0.1737
vn -0.7092 0.6225 -0.3309
vn -0.2845 0.3872 -0.8770
vn -0.3872 0.1975 -0.9006
vn -0.3871 0.1975 -0.9006
vn 0.0788 0.2362 -0.9685
vn 0.2441 0.4803 -0.8425
vn 0.4955 0.6448 -0.5820
vn 0.5661 0.6761 -0.4717
vn 0.6858 0.7251 -0.0630
vn 0.6507 0.7525 0.1020
vn 0.4874 0.8176 0.3066
vn 0.2983 0.7692 0.5652
vn -0.0079 0.7564 0.6540
vn -0.4573 0.7095 0.5361
vn -0.4887 0.8039 0.3389
vn -0.5609 0.7978 0.2212
vn -0.6238 0.7737 -0.1105
vn -0.6210 0.7545 -0.2122
vn -0.6210 0.7546 -0.2123
vn -0.4733 0.6863 -0.5522
vn -0.2277 0.2748 -0.9342
vn -0.2277 0.2747 -0.9342
vn -0.1184 -0.2998 -0.9466
vn -0.1500 -0.2841 -0.9470
vn -0.1495 -0.1023 -0.9835
vn -0.1415 -0.0000 -0.9899
vn 0.7030 0.0158 -0.7110
vn 0.7031 0.0157 -0.7110
vn 0.7270 -0.1422 -0.6717
vn 0.7399 0.0708 -0.6690
vn 0.7297 -0.0393 -0.6826
vn 0.7297 -0.0392 -0.6826
vn 0.8221 0.0157 -0.5691
vn 0.9575 0.1099 0.2668
vn 0.8007 0.1099 0.5888
vn 0.4322 0.1022 0.8960
vn 0.2357 0.1021 0.9664
vn -0.3870 0.1027 0.9163
vn -0.5855 0.1099 0.8032
vn -0.5887 0.1099 0.8008
vn -0.9699 0.1183 0.2129
vn -0.9210 0.0944 -0.3779
vn -0.6381 -0.0945 -0.7642
vn -0.3857 -0.3936 -0.8344
vn 0.2846 -0.3479 -0.8933
vn 0.6370 -0.0157 -0.7707
vn 0.8294 0.0790 -0.5530
vn 0.8418 0.0708 -0.5350
vn 0.9847 0.1654 0.0552
vn 0.9093 0.2822 0.3057
vn 0.7184 0.3237 0.6158
vn 0.4720 0.2359 0.8495
vn 0.0078 0.2277 0.9737
vn -0.5761 0.1815 0.7970
vn -0.7876 0.2822 0.5478
vn -0.8452 0.3001 0.4423
vn -0.9605 0.2756 -0.0394
vn -0.9467 0.2762 -0.1655
vn -0.9467 0.2761 -0.1656
vn -0.8171 0.1729 -0.5499
vn -0.7148 -0.0157 -0.6991
vn -0.6778 -0.2443 -0.6935
vn -0.6933 -0.1970 -0.6932
vn -0.7010 -0.0788 -0.7088
vn -0.6285 -0.0000 -0.7778
vn -0.1502 -0.0316 -0.9882
vn -0.1502 -0.0316 -0.9881
vn -0.1494 -0.1100 -0.9826
vn -0.1101 0.2281 -0.9674
vn 0.0078 0.5511 -0.8344
vn 0.0078 0.5510 -0.8345
vn 0.3930 0.8488 -0.3537
vn 0.4422 0.8843 0.1500
vn 0.3786 0.8834 0.2761
vn 0.1895 0.8845 0.4264
vn 0.1181 0.8818 0.4566
vn -0.1813 0.8827 0.4335
vn -0.2532 0.8863 0.3878
vn -0.4664 0.8776 0.1106
vn -0.4783 0.8392 -0.2588
vn -0.2047 0.6220 -0.7558
vn -0.2768 0.6089 -0.7434
vn -0.2768 0.6090 -0.7434
vn 0.0315 0.6537 -0.7561
vn 0.0235 0.6990 -0.7147
vn 0.1736 0.8679 -0.4655
vn 0.2529 0.9088 -0.3319
vn 0.2980 0.9491 -0.1019
vn 0.2754 0.9598 -0.0551
vn 0.2589 0.9651 0.0392
vn 0.1646 0.9802 0.1098
vn -0.0158 0.9677 0.2517
vn -0.2514 0.9426 0.2199
vn -0.2996 0.9540 0.0078
vn -0.2757 0.9611 -0.0157
vn -0.2987 0.9355 -0.1887
vn -0.2990 0.9285 -0.2203
vn -0.1968 0.8503 -0.4881
vn 0.0869 0.4423 -0.8926
vn 0.0870 0.4423 -0.8926
vn 0.2124 -0.2203 -0.9520
vn 0.2125 -0.2203 -0.9520
vn 0.2118 -0.2901 -0.9333
vn 0.2041 -0.1020 -0.9736
vn 0.1810 -0.0000 -0.9835
vn 0.8241 -0.0392 -0.5650
vn 0.8241 -0.0393 -0.5650
vn 0.8394 -0.1882 -0.5099
vn 0.8550 -0.0314 -0.5177
vn 0.8256 -0.1808 -0.5346
vn 0.8255 -0.1809 -0.5346
vn 0.8255 -0.1808 -0.5346
vn 0.9527 -0.0867 0.2914
vn 0.7965 -0.0789 0.5994
vn 0.4167 -0.0944 0.9041
vn 0.2436 -0.0787 0.9667
vn -0.4167 -0.0944 0.9041
vn -0.5820 -0.0708 0.8101
vn -0.9763 -0.0709 0.2047
vn -0.9249 -0.0941 -0.3684
vn -0.7254 -0.2365 -0.6464
vn -0.3319 -0.4188 -0.8453
vn -0.3318 -0.4188 -0.8453
vn 0.4263 -0.3237 -0.8447
vn 0.6903 -0.1177 -0.7139
vn 0.8495 0.0235 -0.5270
vn 0.8404 -0.0079 -0.5419
vn 0.9868 0.1184 0.1106
vn 0.9179 0.1647 0.3609
vn 0.7483 0.1811 0.6381
vn 0.5269 0.1651 0.8337
vn 0.0158 0.1656 0.9861
vn -0.5724 0.0862 0.8155
vn -0.8621 0.0237 0.5062
vn -0.8821 0.1654 0.4411
vn -0.9960 0.0632 -0.0632
vn -0.9878 0.0790 -0.1343
vn -0.8671 -0.0395 -0.4966
vn -0.8277 -0.1024 -0.5517
vn -0.8277 -0.1025 -0.5517
vn -0.8097 -0.2044 -0.5502
vn -0.8096 -0.2043 -0.5502
vn -0.8228 -0.1489 -0.5485
vn -0.7949 -0.1023 -0.5981
vn -0.7546 -0.0707 -0.6524
vn -0.4661 -0.0079 -0.8847
vn -0.5177 -0.0313 -0.8550
vn -0.4988 0.2454 -0.8313
vn -0.3316 0.6710 -0.6631
vn -0.3315 0.6710 -0.6632
vn 0.0788 0.9856 -0.1498
vn 0.0562 0.9977 0.0368
vn 0.0550 0.9977 0.0392
vn 0.0157 0.9974 0.0707
vn 0.0157 0.9974 0.0706
vn -0.0157 0.9974 0.0707
vn -0.0235 0.9977 0.0628
vn -0.0235 0.9977 0.0629
vn -0.0706 0.9970 0.0314
vn -0.1335 0.9820 -0.1335
vn 0.1496 0.8506 -0.5041
vn -0.1183 0.9388 -0.3234
vn -0.1649 0.9267 -0.3376
vn -0.1650 0.9267 -0.3377
vn -0.3149 0.8187 -0.4801
vn -0.1890 0.9448 -0.2677
vn -0.1021 0.9887 -0.1098
vn -0.1342 0.9783 -0.1578
vn -0.1181 0.9682 -0.2205
vn -0.0632 0.9468 -0.3156
vn -0.0000 0.9737 -0.2278
vn -0.0236 0.9907 -0.1337
vn -0.0550 0.9984 -0.0158
vn -0.0235 0.9588 -0.2829
vn 0.0158 0.9736 -0.2277
vn 0.1105 0.9786 -0.1736
vn 0.1182 0.9763 -0.1811
vn 0.1181 0.9763 -0.1811
vn 0.1107 0.9249 -0.3636
vn 0.4255 0.5200 -0.7406
vn 0.5908 -0.1339 -0.7956
vn 0.5832 -0.2521 -0.7722
vn 0.5593 -0.0551 -0.8271
vn 0.5114 0.0551 -0.8576
vn -0.9256 0.0392 -0.3765
vn -0.9372 0.1103 -0.3308
vn -0.9212 0.2048 -0.3307
vn -0.7533 0.6278 -0.1962
vn -0.4259 0.8754 0.2287
vn -0.5535 0.8145 -0.1740
vn -0.4655 0.8206 -0.3314
vn -0.2441 0.8188 -0.5196
vn -0.1572 0.8253 -0.5424
vn 0.2598 0.8189 -0.5118
vn 0.3231 0.8197 -0.4729
vn 0.3232 0.8197 -0.4729
vn 0.5925 0.7979 -0.1106
vn 0.5514 0.8192 0.1575
vn 0.6225 0.7801 0.0630
vn 0.1106 0.9475 0.3000
vn 0.1105 0.9475 0.3001
vn -0.4172 0.8660 0.2756
vn -0.4173 0.8660 0.2755
vn -0.7021 0.7021 0.1183
vn -0.6607 0.7473 0.0708
vn -0.5656 0.7855 0.2513
vn -0.6773 0.7088 -0.1969
vn -0.6545 0.6545 -0.3785
vn -0.4791 0.6048 -0.6362
vn -0.2981 0.6510 -0.6981
vn -0.0394 0.7105 -0.7026
vn 0.3855 0.7159 -0.5821
vn 0.4794 0.6838 -0.5501
vn 0.5121 0.7011 -0.4962
vn 0.7088 0.7010 -0.0788
vn 0.7060 0.7060 -0.0549
vn 0.7060 0.7061 -0.0549
vn 0.6690 0.7399 0.0708
vn 0.8392 0.4784 -0.2588
vn 0.8392 0.4783 -0.2588
vn 0.9630 0.0237 -0.2684
vn 0.9622 -0.1025 -0.2524
vn 0.9585 0.0314 -0.2833
vn 0.9518 0.1180 -0.2832
vn -0.9256 0.0393 -0.3765
vn -0.9373 0.1102 -0.3308
vn -0.9213 0.2048 -0.3307
vn -0.7533 0.6277 -0.1962
vn -0.7533 0.6278 -0.1961
vn -0.2440 0.8188 -0.5197
vn 0.2599 0.8189 -0.5118
vn 0.3232 0.8197 -0.4728
vn 0.5514 0.8192 0.1576
vn 0.1105 0.9475 0.3000
vn -0.7021 0.7022 0.1183
vn -0.5655 0.7855 0.2514
vn -0.2980 0.6510 -0.6981
vn -0.0395 0.7105 -0.7026
vn 0.5121 0.7011 -0.4963
vn 0.7088 0.7010 -0.0787
vn 0.7061 0.7060 -0.0550
vn 0.6690 0.7398 0.0709
vn 0.9622 -0.1025 -0.2523
vn 0.9587 0.0314 -0.2828
vn 0.9518 0.1181 -0.2831
vn -0.1808 0.0314 0.9830
vn 0.0158 -0.9998 -0.0158
vn -0.4566 -0.0001 0.8897
vn 0.9230 0.1025 -0.3708
vn 0.1885 -0.0157 -0.9819
vn 0.7031 0.0158 -0.7109
vn 0.8241 -0.0392 -0.5651
vn -0.9256 0.0391 -0.3765
vn 0.1656 0.0158 0.9861
vn -0.0000 -0.9947 0.1026
vn 0.4629 -0.0078 0.8864
vn 0.0394 0.0079 0.9992
vn -0.8221 0.0948 0.5613
vn -0.8846 0.0869 -0.4581
vn -0.1414 -0.0001 -0.9899
vn 0.1809 -0.0000 -0.9835
vn -0.7546 -0.0707 -0.6523
vn 0.5115 0.0551 -0.8575
vn 0.9518 0.1179 -0.2831
vn -0.0000 0.0435 0.9991
vn -0.0000 0.0472 0.9989
vn 0.8656 0.0708 0.4957
vn 0.8656 0.0708 -0.4957
vn 0.8656 0.0708 -0.4958
vn 0.8656 0.0709 0.4957
vn 0.0001 0.0472 -0.9989
vn -0.0000 0.0472 -0.9989
vn -0.8677 0.0158 -0.4969
vn -0.8676 0.0158 -0.4969
vn 0.0001 0.0472 0.9989
vn -0.0000 0.0471 0.9989
vn -0.0000 -0.8533 0.5215
vn -0.8677 0.0157 -0.4969
vn 0.8676 0.0179 -0.4969
vn 0.8675 0.0237 -0.4969
vn 0.8675 0.0237 -0.4968
vn 0.8675 0.0237 0.4968
vn -0.0000 -0.0000 1.0000
vn -0.8675 -0.0237 0.4969
vn -0.8675 -0.0237 0.4968
vn -0.8675 -0.0237 -0.4968
vt 0.584792 0.564409
vt 0.585779 0.579926
vt 0.531287 0.580309
vt 0.530516 0.567435
vt 0.585736 0.595577
vt 0.531541 0.593142
vt 0.587030 0.516410
vt 0.532057 0.516053
vt 0.532320 0.503107
vt 0.586979 0.500624
vt 0.586038 0.532069
vt 0.531264 0.529037
vt 0.584533 0.547681
vt 0.530349 0.541965
vt 0.583291 0.548921
vt 0.529609 0.554619
vt 0.614520 0.518297
vt 0.612952 0.534526
vt 0.600243 0.525108
vt 0.601210 0.509319
vt 0.598867 0.540867
vt 0.445867 0.513485
vt 0.446449 0.500624
vt 0.446430 0.595577
vt 0.445856 0.582844
vt 0.445062 0.570118
vt 0.444455 0.557330
vt 0.444455 0.539247
vt 0.445065 0.526348
vt 0.285370 0.958487
vt 0.287123 0.928988
vt 0.362666 0.934275
vt 0.361876 0.960160
vt 0.411506 0.934762
vt 0.413065 0.959296
vt 0.437000 0.931193
vt 0.446047 0.953282
vt 0.465546 0.910601
vt 0.485204 0.924513
vt 0.392823 0.577205
vt 0.289346 0.605037
vt 0.298981 0.626701
vt 0.404990 0.595972
vt 0.233822 0.641718
vt 0.247802 0.659927
vt 0.205388 0.667377
vt 0.223025 0.684209
vt 0.174821 0.710815
vt 0.192886 0.724971
vt 0.144846 0.762852
vt 0.165394 0.773090
vt 0.131664 0.810343
vt 0.154475 0.816125
vt 0.123917 0.859095
vt 0.146371 0.858313
vt 0.203959 0.989854
vt 0.179692 0.988066
vt 0.211222 0.899155
vt 0.233333 0.908265
vt 0.258863 0.818309
vt 0.280869 0.826725
vt 0.271926 0.774575
vt 0.293629 0.782135
vt 0.309002 0.759851
vt 0.291111 0.747017
vt 0.306204 0.730724
vt 0.322169 0.746642
vt 0.320699 0.718425
vt 0.338334 0.707720
vt 0.346014 0.729922
vt 0.332534 0.737117
vt 0.391517 0.701369
vt 0.394148 0.723940
vt 0.440626 0.692780
vt 0.447566 0.712348
vt 0.505791 0.666537
vt 0.511915 0.686356
vt 0.559243 0.660295
vt 0.560016 0.680808
vt 0.615076 0.661596
vt 0.611848 0.683758
vt 0.653142 0.676428
vt 0.646807 0.696585
vt 0.694557 0.697218
vt 0.685241 0.715943
vt 0.753562 0.741358
vt 0.739481 0.757620
vt 0.788223 0.792746
vt 0.772180 0.807054
vt 0.819198 0.828347
vt 0.803216 0.841467
vt 0.841888 0.865622
vt 0.822465 0.875143
vt 0.856338 0.919714
vt 0.833515 0.925481
vt 0.868627 0.990721
vt 0.844338 0.990876
vt 0.355588 0.799728
vt 0.372886 0.783773
vt 0.397569 0.812801
vt 0.381678 0.831776
vt 0.409478 0.846021
vt 0.418652 0.824243
vt 0.435338 0.831805
vt 0.432835 0.855931
vt 0.461022 0.831072
vt 0.492162 0.828175
vt 0.495492 0.852149
vt 0.461546 0.855420
vt 0.560872 0.815101
vt 0.564171 0.838733
vt 0.643044 0.808301
vt 0.645393 0.834193
vt 0.692602 0.805840
vt 0.695069 0.834924
vt 0.288440 0.900991
vt 0.362704 0.909214
vt 0.410975 0.910258
vt 0.428847 0.908308
vt 0.444495 0.898815
vt 0.379758 0.557092
vt 0.280969 0.582252
vt 0.220020 0.623310
vt 0.188324 0.651724
vt 0.156070 0.696692
vt 0.123528 0.753012
vt 0.108529 0.804845
vt 0.101120 0.857220
vt 0.157036 0.984509
vt 0.189710 0.890479
vt 0.235185 0.810578
vt 0.249109 0.766727
vt 0.270195 0.735725
vt 0.287620 0.715354
vt 0.307290 0.699619
vt 0.330273 0.685723
vt 0.389036 0.677502
vt 0.433499 0.671326
vt 0.498021 0.644491
vt 0.557861 0.637274
vt 0.617607 0.638860
vt 0.661030 0.654134
vt 0.703787 0.677403
vt 0.769116 0.724753
vt 0.805430 0.777830
vt 0.836196 0.814582
vt 0.861313 0.856712
vt 0.879011 0.913956
vt 0.891433 0.988695
vt 0.389838 0.768303
vt 0.409732 0.792906
vt 0.426543 0.802273
vt 0.438554 0.807642
vt 0.461728 0.807314
vt 0.489344 0.804839
vt 0.558534 0.791601
vt 0.640534 0.783310
vt 0.689903 0.778347
vt 0.290112 0.872664
vt 0.362808 0.884148
vt 0.408986 0.886720
vt 0.421103 0.886786
vt 0.427988 0.883475
vt 0.368963 0.537986
vt 0.272774 0.560567
vt 0.206777 0.605180
vt 0.170841 0.636306
vt 0.137737 0.683899
vt 0.100814 0.744168
vt 0.087407 0.800730
vt 0.077981 0.860518
vt 0.134232 0.983809
vt 0.168730 0.881343
vt 0.214329 0.801749
vt 0.230246 0.757289
vt 0.253860 0.724049
vt 0.272676 0.699786
vt 0.296389 0.681971
vt 0.323025 0.664629
vt 0.385410 0.655391
vt 0.426308 0.649902
vt 0.490489 0.621606
vt 0.556548 0.614649
vt 0.620072 0.615799
vt 0.670058 0.631832
vt 0.714187 0.658137
vt 0.783481 0.708388
vt 0.825112 0.764659
vt 0.854303 0.802799
vt 0.883695 0.847183
vt 0.900520 0.909274
vt 0.913677 0.988423
vt 0.404389 0.750654
vt 0.421597 0.774191
vt 0.434864 0.780841
vt 0.442483 0.784630
vt 0.463258 0.784033
vt 0.488241 0.781865
vt 0.556163 0.769047
vt 0.638332 0.758732
vt 0.687376 0.750654
vt 0.174161 0.617867
vt 0.157894 0.620419
vt 0.148557 0.549120
vt 0.164057 0.546273
vt 0.142100 0.503509
vt 0.156444 0.501672
vt 0.145622 0.488670
vt 0.160824 0.491218
vt 0.147439 0.476571
vt 0.160198 0.483781
vt 0.240548 0.307653
vt 0.332116 0.272555
vt 0.330616 0.259679
vt 0.237504 0.292591
vt 0.420443 0.255036
vt 0.416144 0.239499
vt 0.470141 0.253214
vt 0.467825 0.236506
vt 0.530776 0.258539
vt 0.530091 0.242268
vt 0.606096 0.274443
vt 0.605885 0.258507
vt 0.664381 0.295419
vt 0.667658 0.280267
vt 0.721619 0.321696
vt 0.720456 0.305283
vt 0.966379 0.361598
vt 0.905683 0.269683
vt 0.918583 0.259885
vt 0.976625 0.348440
vt 0.842009 0.200901
vt 0.858068 0.192356
vt 0.820803 0.161180
vt 0.833135 0.152226
vt 0.796354 0.126735
vt 0.768350 0.108806
vt 0.776019 0.098663
vt 0.805168 0.118012
vt 0.739186 0.091406
vt 0.704353 0.080764
vt 0.711182 0.066449
vt 0.745407 0.080221
vt 0.645387 0.070835
vt 0.646260 0.057128
vt 0.600924 0.061571
vt 0.605044 0.046849
vt 0.531199 0.045330
vt 0.535329 0.029634
vt 0.464040 0.037138
vt 0.463718 0.022938
vt 0.396170 0.040344
vt 0.395157 0.026166
vt 0.342584 0.051208
vt 0.341084 0.036012
vt 0.289300 0.067018
vt 0.287838 0.053345
vt 0.214823 0.105643
vt 0.208151 0.092721
vt 0.156097 0.151841
vt 0.148580 0.137780
vt 0.125318 0.186727
vt 0.114619 0.173642
vt 0.092026 0.229630
vt 0.079090 0.220016
vt 0.056001 0.284378
vt 0.042817 0.275125
vt 0.015890 0.357574
vt 0.004343 0.345516
vt 0.839620 0.461839
vt 0.861955 0.488994
vt 0.848562 0.494648
vt 0.830813 0.473473
vt 0.870536 0.504363
vt 0.872886 0.516327
vt 0.858272 0.514961
vt 0.857022 0.506128
vt 0.858447 0.535601
vt 0.872695 0.537551
vt 0.869239 0.562416
vt 0.854224 0.559406
vt 0.859246 0.626961
vt 0.843521 0.625552
vt 0.851703 0.707759
vt 0.835668 0.706196
vt 0.846717 0.757339
vt 0.830813 0.755123
vt 0.144847 0.620944
vt 0.135604 0.550363
vt 0.130090 0.504991
vt 0.132091 0.485685
vt 0.139965 0.465894
vt 0.241108 0.322077
vt 0.336077 0.284787
vt 0.421963 0.267554
vt 0.471863 0.265909
vt 0.531026 0.272011
vt 0.604103 0.286598
vt 0.660692 0.308674
vt 0.717585 0.335212
vt 0.955729 0.370447
vt 0.894933 0.277714
vt 0.829646 0.207622
vt 0.809714 0.167876
vt 0.784151 0.137287
vt 0.757186 0.120737
vt 0.734298 0.102255
vt 0.699329 0.093419
vt 0.641217 0.084143
vt 0.596548 0.074228
vt 0.527707 0.056898
vt 0.463428 0.050986
vt 0.398458 0.052332
vt 0.346742 0.062735
vt 0.292474 0.078714
vt 0.219999 0.115548
vt 0.163325 0.163280
vt 0.133608 0.197793
vt 0.101491 0.237884
vt 0.067108 0.292252
vt 0.026985 0.365435
vt 0.847923 0.452965
vt 0.872626 0.484139
vt 0.880463 0.502709
vt 0.885042 0.517115
vt 0.884203 0.538709
vt 0.881440 0.564636
vt 0.872305 0.627816
vt 0.865057 0.708691
vt 0.859979 0.758084
vt 0.127237 0.621416
vt 0.119756 0.551812
vt 0.116602 0.504419
vt 0.118656 0.481043
vt 0.129270 0.455758
vt 0.243489 0.336613
vt 0.341578 0.299090
vt 0.423357 0.281633
vt 0.472727 0.279898
vt 0.528840 0.286914
vt 0.599388 0.301633
vt 0.655837 0.322248
vt 0.707949 0.347882
vt 0.941567 0.376562
vt 0.882848 0.286815
vt 0.816572 0.215108
vt 0.797944 0.174221
vt 0.773120 0.147613
vt 0.747001 0.133188
vt 0.727512 0.115225
vt 0.697580 0.105152
vt 0.636538 0.098053
vt 0.590987 0.088256
vt 0.524363 0.068062
vt 0.461633 0.063662
vt 0.400625 0.066089
vt 0.351593 0.074983
vt 0.298898 0.092512
vt 0.228376 0.128047
vt 0.172002 0.175247
vt 0.142517 0.208643
vt 0.110932 0.247675
vt 0.079920 0.301291
vt 0.041095 0.371178
vt 0.858825 0.443784
vt 0.883955 0.475769
vt 0.893101 0.498946
vt 0.898849 0.517812
vt 0.898149 0.541039
vt 0.895752 0.568707
vt 0.886843 0.629781
vt 0.880727 0.709153
vt 0.877196 0.758090
vt 0.099190 0.622918
vt 0.093907 0.553834
vt 0.092722 0.507467
vt 0.096691 0.474945
vt 0.113017 0.434883
vt 0.247748 0.365380
vt 0.351032 0.321664
vt 0.428013 0.309463
vt 0.473175 0.306880
vt 0.525775 0.315215
vt 0.591278 0.327289
vt 0.644166 0.348765
vt 0.694897 0.373977
vt 0.919624 0.390005
vt 0.861181 0.302075
vt 0.791526 0.229413
vt 0.770381 0.188966
vt 0.746027 0.168126
vt 0.727344 0.154587
vt 0.708908 0.142701
vt 0.688667 0.130477
vt 0.632142 0.123047
vt 0.580424 0.113409
vt 0.516902 0.091344
vt 0.460862 0.088682
vt 0.404873 0.091340
vt 0.360221 0.100370
vt 0.309954 0.116999
vt 0.245107 0.150880
vt 0.188887 0.196770
vt 0.160439 0.229946
vt 0.129645 0.264782
vt 0.101561 0.317218
vt 0.065292 0.383675
vt 0.876502 0.425780
vt 0.905469 0.464981
vt 0.914889 0.493394
vt 0.922429 0.516522
vt 0.921513 0.542531
vt 0.920306 0.572693
vt 0.912511 0.632916
vt 0.907483 0.710425
vt 0.904548 0.759727
vt 0.065165 0.625310
vt 0.062594 0.555677
vt 0.064214 0.507922
vt 0.068224 0.469142
vt 0.089205 0.418308
vt 0.257135 0.390068
vt 0.360013 0.348118
vt 0.431639 0.337908
vt 0.472621 0.337275
vt 0.522069 0.343952
vt 0.584013 0.355062
vt 0.628931 0.374029
vt 0.671160 0.396267
vt 0.888536 0.397608
vt 0.835302 0.319504
vt 0.768158 0.244731
vt 0.742238 0.204858
vt 0.724992 0.188057
vt 0.711917 0.175164
vt 0.699171 0.166020
vt 0.679396 0.159586
vt 0.627896 0.149958
vt 0.574741 0.140694
vt 0.508365 0.117887
vt 0.458775 0.116354
vt 0.408703 0.119821
vt 0.367584 0.126777
vt 0.321264 0.140238
vt 0.258927 0.172098
vt 0.208085 0.215638
vt 0.180985 0.250478
vt 0.153075 0.282640
vt 0.123972 0.332341
vt 0.093246 0.393084
vt 0.901833 0.407981
vt 0.928639 0.449795
vt 0.940661 0.485269
vt 0.948363 0.512918
vt 0.948551 0.541061
vt 0.948307 0.576002
vt 0.941876 0.636446
vt 0.938607 0.712807
vt 0.937551 0.761760
vt 0.042324 0.625267
vt 0.040959 0.554254
vt 0.044312 0.507495
vt 0.049031 0.466655
vt 0.074102 0.403318
vt 0.263304 0.411911
vt 0.368471 0.365346
vt 0.434012 0.359819
vt 0.471926 0.358352
vt 0.519173 0.365248
vt 0.576869 0.373363
vt 0.617341 0.392474
vt 0.661843 0.416165
vt 0.870454 0.407151
vt 0.816805 0.330740
vt 0.750397 0.255953
vt 0.719734 0.217763
vt 0.707796 0.201195
vt 0.698400 0.191507
vt 0.688491 0.184822
vt 0.674508 0.179131
vt 0.622832 0.170784
vt 0.567765 0.161295
vt 0.503915 0.137574
vt 0.458111 0.137808
vt 0.410284 0.141253
vt 0.370809 0.149214
vt 0.328536 0.160758
vt 0.272194 0.189951
vt 0.225834 0.231481
vt 0.197331 0.265051
vt 0.169438 0.293965
vt 0.142377 0.342409
vt 0.110982 0.404760
vt 0.918946 0.396967
vt 0.946866 0.443932
vt 0.958807 0.479796
vt 0.967593 0.510550
vt 0.968931 0.539576
vt 0.968820 0.576098
vt 0.963275 0.636599
vt 0.959810 0.714225
vt 0.959418 0.764005
vt 0.028142 0.626265
vt 0.027859 0.554072
vt 0.032944 0.505435
vt 0.037862 0.463717
vt 0.062392 0.398925
vt 0.270256 0.421862
vt 0.374014 0.375012
vt 0.434440 0.370538
vt 0.469987 0.369346
vt 0.515925 0.375918
vt 0.571857 0.383457
vt 0.610780 0.402489
vt 0.651477 0.423591
vt 0.857339 0.409151
vt 0.807293 0.337128
vt 0.742396 0.262839
vt 0.711410 0.226137
vt 0.700171 0.209963
vt 0.691761 0.200386
vt 0.682591 0.194999
vt 0.669959 0.190977
vt 0.620933 0.181603
vt 0.564330 0.173074
vt 0.501541 0.150067
vt 0.457556 0.150498
vt 0.412267 0.153368
vt 0.375425 0.160015
vt 0.334693 0.170981
vt 0.279698 0.199603
vt 0.233495 0.239196
vt 0.205499 0.273723
vt 0.178399 0.301356
vt 0.153032 0.347961
vt 0.123261 0.407627
vt 0.930580 0.390975
vt 0.957068 0.437670
vt 0.969592 0.473023
vt 0.977610 0.505558
vt 0.980558 0.537583
vt 0.980815 0.575030
vt 0.975761 0.638044
vt 0.972640 0.715237
vt 0.973134 0.765065
vt 0.012279 0.627047
vt 0.012279 0.553389
vt 0.018030 0.502059
vt 0.023251 0.459206
vt 0.047094 0.398878
vt 0.281449 0.433594
vt 0.380636 0.388531
vt 0.433628 0.384656
vt 0.467046 0.383870
vt 0.510977 0.390350
vt 0.564467 0.397155
vt 0.602397 0.415615
vt 0.638636 0.433594
vt 0.842333 0.412495
vt 0.795274 0.345411
vt 0.732251 0.273118
vt 0.702345 0.238267
vt 0.689691 0.223184
vt 0.682022 0.213948
vt 0.674305 0.209500
vt 0.664002 0.206175
vt 0.619820 0.195736
vt 0.560487 0.189269
vt 0.500383 0.166174
vt 0.458068 0.166845
vt 0.415395 0.169324
vt 0.382779 0.174439
vt 0.344714 0.185092
vt 0.290349 0.212046
vt 0.244492 0.250187
vt 0.217086 0.284863
vt 0.191217 0.310963
vt 0.167281 0.355216
vt 0.137656 0.412495
vt 0.944867 0.386039
vt 0.969905 0.429704
vt 0.982752 0.467095
vt 0.991348 0.499834
vt 0.996523 0.534590
vt 0.996097 0.572601
vt 0.991413 0.638507
vt 0.988402 0.716379
vt 0.988902 0.765768
vt 0.361064 0.984716
vt 0.284898 0.984716
vt 0.413206 0.983491
vt 0.454621 0.975484
vt 0.506584 0.935006
vt 0.308119 0.648176
vt 0.418846 0.615314
vt 0.261813 0.678776
vt 0.239590 0.701106
vt 0.210590 0.739661
vt 0.188467 0.782933
vt 0.176785 0.823248
vt 0.169827 0.864333
vt 0.226208 0.996256
vt 0.255184 0.917284
vt 0.302757 0.834434
vt 0.315686 0.790309
vt 0.327595 0.773455
vt 0.338012 0.764679
vt 0.354340 0.751711
vt 0.344713 0.757491
vt 0.399340 0.746493
vt 0.455989 0.733064
vt 0.518761 0.708126
vt 0.561169 0.703077
vt 0.609462 0.706229
vt 0.639582 0.718839
vt 0.676069 0.736434
vt 0.724159 0.775114
vt 0.755475 0.821076
vt 0.784246 0.855234
vt 0.801963 0.884547
vt 0.811316 0.931811
vt 0.821265 0.996256
vt 0.336761 0.813119
vt 0.368924 0.851280
vt 0.402930 0.867679
vt 0.431057 0.880415
vt 0.499069 0.875666
vt 0.461867 0.879110
vt 0.566220 0.862425
vt 0.647197 0.858713
vt 0.697077 0.861042
vt 0.549349 0.891241
vt 0.578916 0.887076
vt 0.546739 0.908085
vt 0.521568 0.887076
vt 0.493828 0.893922
vt 0.488017 0.909861
vt 0.497243 0.919860
vt 0.515143 0.917086
vt 0.541479 0.928051
vt 0.572413 0.912722
vt 0.601733 0.914461
vt 0.591780 0.924876
vt 0.602788 0.898319
vt 0.514732 0.930807
vt 0.543630 0.934921
vt 0.547797 0.945320
vt 0.571055 0.930807
vt 0.598086 0.937591
vt 0.603272 0.953396
vt 0.593894 0.963309
vt 0.576401 0.960568
vt 0.550191 0.971430
vt 0.520095 0.956129
vt 0.500888 0.968279
vt 0.491446 0.957951
vt 0.490921 0.941958
s 1
usemtl Handle1Mtl.002
f 1/1/1 2/2/2 3/3/3
f 3/3/3 4/4/4 1/1/1
f 2/2/2 5/5/5 6/6/6
f 6/6/6 3/3/3 2/2/2
f 7/7/7 8/8/8 9/9/6
f 9/9/6 10/10/9 7/7/7
f 11/11/10 12/12/11 8/8/8
f 8/8/8 7/7/7 11/11/10
f 13/13/12 14/14/13 12/12/11
f 12/12/11 11/11/10 13/13/12
f 15/15/12 1/1/1 4/4/4
f 4/4/4 16/16/13 15/15/12
f 17/17/2 18/18/14 19/19/15
f 20/20/16 17/17/2 19/19/15
f 7/7/7 20/20/16 19/19/15
f 11/11/10 7/7/7 19/19/15
f 21/21/12 11/11/10 19/19/15
f 18/18/14 21/21/12 19/19/15
f 8/8/8 22/22/17 23/23/18
f 23/23/18 9/9/6 8/8/8
f 6/6/6 24/24/18 25/25/19
f 25/25/19 3/3/3 6/6/6
f 4/4/4 3/3/3 25/25/19
f 25/25/19 26/26/20 4/4/4
f 4/4/4 26/26/20 27/27/21
f 27/27/21 16/16/13 4/4/4
f 14/14/13 28/28/21 29/29/22
f 29/29/22 12/12/11 14/14/13
f 12/12/11 29/29/22 22/22/17
f 22/22/17 8/8/8 12/12/11
f 30/1/23 31/2/24 32/3/25
f 32/3/25 33/4/26 30/1/23
f 31/2/24 34/5/27 35/6/28
f 35/6/28 32/3/25 31/2/24
f 36/7/29 37/8/30 38/9/28
f 38/9/28 39/10/31 36/7/29
f 40/11/32 41/12/33 37/8/30
f 37/8/30 36/7/29 40/11/32
f 42/13/34 43/14/35 41/12/33
f 41/12/33 40/11/32 42/13/34
f 44/15/36 30/1/23 33/4/26
f 33/4/26 45/16/37 44/15/36
f 46/17/38 47/18/23 48/19/39
f 49/20/40 46/17/38 48/19/39
f 36/7/29 49/20/40 48/19/39
f 40/11/32 36/7/29 48/19/39
f 50/21/41 40/11/32 48/19/39
f 47/18/23 50/21/41 48/19/39
f 37/8/30 51/22/42 52/23/43
f 52/23/43 38/9/28 37/8/30
f 35/6/28 53/24/43 54/25/44
f 54/25/44 32/3/25 35/6/28
f 33/4/26 32/3/25 54/25/44
f 54/25/44 55/26/45 33/4/26
f 33/4/26 55/26/45 56/27/46
f 56/27/46 45/16/37 33/4/26
f 43/14/35 57/28/46 58/29/47
f 58/29/47 41/12/33 43/14/35
f 41/12/33 58/29/47 51/22/42
f 51/22/42 37/8/30 41/12/33
f 59/1/23 60/2/24 61/3/25
f 61/3/25 62/4/26 59/1/23
f 60/2/24 63/5/27 64/6/48
f 64/6/48 61/3/25 60/2/24
f 65/7/49 66/8/30 67/9/28
f 67/9/28 68/10/31 65/7/49
f 69/11/50 70/12/33 66/8/30
f 66/8/30 65/7/49 69/11/50
f 71/13/51 72/14/37 70/12/33
f 70/12/33 69/11/50 71/13/51
f 73/15/36 59/1/23 62/4/26
f 62/4/26 74/16/37 73/15/36
f 75/17/52 76/18/23 77/19/39
f 78/20/53 75/17/52 77/19/39
f 65/7/49 78/20/53 77/19/39
f 69/11/50 65/7/49 77/19/39
f 79/21/41 69/11/50 77/19/39
f 76/18/23 79/21/41 77/19/39
f 66/8/30 80/22/42 81/23/54
f 81/23/54 67/9/28 66/8/30
f 64/6/48 82/24/54 83/25/44
f 83/25/44 61/3/25 64/6/48
f 62/4/26 61/3/25 83/25/44
f 83/25/44 84/26/55 62/4/26
f 62/4/26 84/26/55 85/27/46
f 85/27/46 74/16/37 62/4/26
f 72/14/37 86/28/46 87/29/47
f 87/29/47 70/12/33 72/14/37
f 70/12/33 87/29/47 80/22/42
f 80/22/42 66/8/30 70/12/33
f 88/1/56 89/2/57 90/3/58
f 90/3/58 91/4/59 88/1/56
f 89/2/57 92/5/60 93/6/61
f 93/6/61 90/3/58 89/2/57
f 94/7/62 95/8/63 96/9/61
f 96/9/61 97/10/64 94/7/62
f 98/11/65 99/12/66 95/8/63
f 95/8/63 94/7/62 98/11/65
f 100/13/67 101/14/68 99/12/66
f 99/12/66 98/11/65 100/13/67
f 102/15/67 88/1/56 91/4/59
f 91/4/59 103/16/69 102/15/67
f 104/17/57 105/18/70 106/19/71
f 107/20/72 104/17/57 106/19/71
f 94/7/62 107/20/72 106/19/71
f 98/11/65 94/7/62 106/19/71
f 108/21/73 98/11/65 106/19/71
f 105/18/70 108/21/73 106/19/71
f 95/8/63 109/22/74 110/23/75
f 110/23/75 96/9/61 95/8/63
f 93/6/61 111/24/75 112/25/76
f 112/25/76 90/3/58 93/6/61
f 91/4/59 90/3/58 112/25/76
f 112/25/76 113/26/77 91/4/59
f 91/4/59 113/26/77 114/27/78
f 114/27/78 103/16/69 91/4/59
f 101/14/68 115/28/78 116/29/79
f 116/29/79 99/12/66 101/14/68
f 99/12/66 116/29/79 109/22/74
f 109/22/74 95/8/63 99/12/66
f 117/1/56 118/2/57 119/3/58
f 119/3/58 120/4/59 117/1/56
f 118/2/57 121/5/60 122/6/61
f 122/6/61 119/3/58 118/2/57
f 123/7/80 124/8/63 125/9/61
f 125/9/61 126/10/64 123/7/80
f 127/11/65 128/12/81 124/8/63
f 124/8/63 123/7/80 127/11/65
f 129/13/82 130/14/69 128/12/81
f 128/12/81 127/11/65 129/13/82
f 131/15/67 117/1/56 120/4/59
f 120/4/59 132/16/69 131/15/67
f 133/17/57 134/18/70 135/19/71
f 136/20/72 133/17/57 135/19/71
f 123/7/80 136/20/72 135/19/71
f 127/11/65 123/7/80 135/19/71
f 137/21/73 127/11/65 135/19/71
f 134/18/70 137/21/73 135/19/71
f 124/8/63 138/22/83 139/23/84
f 139/23/84 125/9/61 124/8/63
f 122/6/61 140/24/75 141/25/76
f 141/25/76 119/3/58 122/6/61
f 120/4/59 119/3/58 141/25/76
f 141/25/76 142/26/77 120/4/59
f 120/4/59 142/26/77 143/27/78
f 143/27/78 132/16/69 120/4/59
f 130/14/69 144/28/78 145/29/79
f 145/29/79 128/12/81 130/14/69
f 128/12/81 145/29/79 138/22/83
f 138/22/83 124/8/63 128/12/81
f 146/1/85 147/2/86 148/3/87
f 148/3/87 149/4/88 146/1/85
f 147/2/86 150/5/89 151/6/90
f 151/6/90 148/3/87 147/2/86
f 152/7/91 153/8/92 154/9/90
f 154/9/90 155/10/93 152/7/91
f 156/11/94 157/12/95 153/8/92
f 153/8/92 152/7/91 156/11/94
f 158/13/96 159/14/97 157/12/95
f 157/12/95 156/11/94 158/13/96
f 160/15/98 146/1/85 149/4/88
f 149/4/88 161/16/97 160/15/98
f 162/17/86 163/18/85 164/19/99
f 165/20/100 162/17/86 164/19/99
f 152/7/91 165/20/100 164/19/99
f 156/11/94 152/7/91 164/19/99
f 166/21/101 156/11/94 164/19/99
f 163/18/85 166/21/101 164/19/99
f 153/8/92 167/22/102 168/23/103
f 168/23/103 154/9/90 153/8/92
f 151/6/90 169/24/103 170/25/104
f 170/25/104 148/3/87 151/6/90
f 149/4/88 148/3/87 170/25/104
f 170/25/104 171/26/105 149/4/88
f 149/4/88 171/26/105 172/27/106
f 172/27/106 161/16/97 149/4/88
f 159/14/97 173/28/106 174/29/107
f 174/29/107 157/12/95 159/14/97
f 157/12/95 174/29/107 167/22/102
f 167/22/102 153/8/92 157/12/95
f 175/1/56 176/2/57 177/3/108
f 177/3/108 178/4/59 175/1/56
f 176/2/57 179/5/64 180/6/61
f 180/6/61 177/3/108 176/2/57
f 181/7/80 182/8/63 183/9/61
f 183/9/61 184/10/64 181/7/80
f 185/11/65 186/12/81 182/8/63
f 182/8/63 181/7/80 185/11/65
f 187/13/67 188/14/69 186/12/81
f 186/12/81 185/11/65 187/13/67
f 189/15/67 175/1/56 178/4/59
f 178/4/59 190/16/69 189/15/67
f 191/17/109 192/18/56 193/19/71
f 194/20/72 191/17/109 193/19/71
f 181/7/80 194/20/72 193/19/71
f 185/11/65 181/7/80 193/19/71
f 195/21/67 185/11/65 193/19/71
f 192/18/56 195/21/67 193/19/71
f 182/8/63 196/22/83 197/23/84
f 197/23/84 183/9/61 182/8/63
f 180/6/61 198/24/75 199/25/76
f 199/25/76 177/3/108 180/6/61
f 178/4/59 177/3/108 199/25/76
f 199/25/76 200/26/77 178/4/59
f 178/4/59 200/26/77 201/27/78
f 201/27/78 190/16/69 178/4/59
f 188/14/69 202/28/78 203/29/79
f 203/29/79 186/12/81 188/14/69
f 186/12/81 203/29/79 196/22/83
f 196/22/83 182/8/63 186/12/81
f 204/1/110 205/2/111 206/3/112
f 206/3/112 207/4/113 204/1/110
f 205/2/111 208/5/114 209/6/115
f 209/6/115 206/3/112 205/2/111
f 210/7/116 211/8/117 212/9/115
f 212/9/115 213/10/114 210/7/116
f 214/11/118 215/12/119 211/8/117
f 211/8/117 210/7/116 214/11/118
f 216/13/120 217/14/121 215/12/119
f 215/12/119 214/11/118 216/13/120
f 218/15/122 204/1/110 207/4/113
f 207/4/113 219/16/121 218/15/122
f 220/17/111 221/18/110 222/19/123
f 223/20/124 220/17/111 222/19/123
f 210/7/116 223/20/124 222/19/123
f 214/11/118 210/7/116 222/19/123
f 224/21/120 214/11/118 222/19/123
f 221/18/110 224/21/120 222/19/123
f 211/8/117 225/22/125 226/23/126
f 226/23/126 212/9/115 211/8/117
f 209/6/115 227/24/126 228/25/127
f 228/25/127 206/3/112 209/6/115
f 207/4/113 206/3/112 228/25/127
f 228/25/127 229/26/128 207/4/113
f 207/4/113 229/26/128 230/27/129
f 230/27/129 219/16/121 207/4/113
f 217/14/121 231/28/129 232/29/130
f 232/29/130 215/12/119 217/14/121
f 215/12/119 232/29/130 225/22/125
f 225/22/125 211/8/117 215/12/119
f 233/1/131 234/2/132 235/3/133
f 235/3/133 236/4/134 233/1/131
f 234/2/132 237/5/135 238/6/136
f 238/6/136 235/3/133 234/2/132
f 239/7/137 240/8/138 241/9/136
f 241/9/136 242/10/139 239/7/137
f 243/11/140 244/12/141 240/8/138
f 240/8/138 239/7/137 243/11/140
f 245/13/142 246/14/143 244/12/141
f 244/12/141 243/11/140 245/13/142
f 247/15/142 233/1/131 236/4/134
f 236/4/134 248/16/143 247/15/142
f 249/17/132 250/18/131 251/19/144
f 252/20/145 249/17/132 251/19/144
f 239/7/137 252/20/145 251/19/144
f 243/11/140 239/7/137 251/19/144
f 253/21/146 243/11/140 251/19/144
f 250/18/131 253/21/146 251/19/144
f 240/8/138 254/22/147 255/23/148
f 255/23/148 241/9/136 240/8/138
f 238/6/136 256/24/148 257/25/149
f 257/25/149 235/3/133 238/6/136
f 236/4/134 235/3/133 257/25/149
f 257/25/149 258/26/150 236/4/134
f 236/4/134 258/26/150 259/27/151
f 259/27/151 248/16/143 236/4/134
f 246/14/143 260/28/151 261/29/152
f 261/29/152 244/12/141 246/14/143
f 244/12/141 261/29/152 254/22/147
f 254/22/147 240/8/138 244/12/141
f 262/1/110 263/2/153 264/3/154
f 264/3/154 265/4/155 262/1/110
f 263/2/153 266/5/156 267/6/157
f 267/6/157 264/3/154 263/2/153
f 268/7/158 269/8/159 270/9/157
f 270/9/157 271/10/160 268/7/158
f 272/11/161 273/12/162 269/8/159
f 269/8/159 268/7/158 272/11/161
f 274/13/163 275/14/164 273/12/162
f 273/12/162 272/11/161 274/13/163
f 276/15/165 262/1/110 265/4/155
f 265/4/155 277/16/164 276/15/165
f 278/17/166 279/18/167 280/19/168
f 281/20/156 278/17/166 280/19/168
f 268/7/158 281/20/156 280/19/168
f 272/11/161 268/7/158 280/19/168
f 282/21/169 272/11/161 280/19/168
f 279/18/167 282/21/169 280/19/168
f 269/8/159 283/22/170 284/23/171
f 284/23/171 270/9/157 269/8/159
f 267/6/157 285/24/171 286/25/172
f 286/25/172 264/3/154 267/6/157
f 265/4/155 264/3/154 286/25/172
f 286/25/172 287/26/173 265/4/155
f 265/4/155 287/26/173 288/27/174
f 288/27/174 277/16/164 265/4/155
f 275/14/164 289/28/174 290/29/175
f 290/29/175 273/12/162 275/14/164
f 273/12/162 290/29/175 283/22/170
f 283/22/170 269/8/159 273/12/162
f 291/1/110 292/2/153 293/3/154
f 293/3/154 294/4/176 291/1/110
f 292/2/153 295/5/156 296/6/157
f 296/6/157 293/3/154 292/2/153
f 297/7/158 298/8/159 299/9/157
f 299/9/157 300/10/177 297/7/158
f 301/11/161 302/12/162 298/8/159
f 298/8/159 297/7/158 301/11/161
f 303/13/163 304/14/178 302/12/162
f 302/12/162 301/11/161 303/13/163
f 305/15/165 291/1/110 294/4/176
f 294/4/176 306/16/164 305/15/165
f 307/17/153 308/18/167 309/19/168
f 310/20/156 307/17/153 309/19/168
f 297/7/158 310/20/156 309/19/168
f 301/11/161 297/7/158 309/19/168
f 311/21/169 301/11/161 309/19/168
f 308/18/167 311/21/169 309/19/168
f 298/8/159 312/22/125 313/23/171
f 313/23/171 299/9/157 298/8/159
f 296/6/157 314/24/171 315/25/172
f 315/25/172 293/3/154 296/6/157
f 294/4/176 293/3/154 315/25/172
f 315/25/172 316/26/173 294/4/176
f 294/4/176 316/26/173 317/27/174
f 317/27/174 306/16/164 294/4/176
f 304/14/178 318/28/174 319/29/175
f 319/29/175 302/12/162 304/14/178
f 302/12/162 319/29/175 312/22/125
f 312/22/125 298/8/159 302/12/162
f 320/1/179 321/2/180 322/3/181
f 322/3/181 323/4/182 320/1/179
f 321/2/180 324/5/183 325/6/184
f 325/6/184 322/3/181 321/2/180
f 326/7/185 327/8/186 328/9/184
f 328/9/184 329/10/187 326/7/185
f 330/11/188 331/12/189 327/8/186
f 327/8/186 326/7/185 330/11/188
f 332/13/190 333/14/191 331/12/189
f 331/12/189 330/11/188 332/13/190
f 334/15/192 320/1/179 323/4/182
f 323/4/182 335/16/191 334/15/192
f 336/17/193 337/18/194 338/19/195
f 339/20/187 336/17/193 338/19/195
f 326/7/185 339/20/187 338/19/195
f 330/11/188 326/7/185 338/19/195
f 340/21/196 330/11/188 338/19/195
f 337/18/194 340/21/196 338/19/195
f 327/8/186 341/22/197 342/23/198
f 342/23/198 328/9/184 327/8/186
f 325/6/184 343/24/199 344/25/200
f 344/25/200 322/3/181 325/6/184
f 323/4/182 322/3/181 344/25/200
f 344/25/200 345/26/201 323/4/182
f 323/4/182 345/26/201 346/27/202
f 346/27/202 335/16/191 323/4/182
f 333/14/191 347/28/203 348/29/204
f 348/29/204 331/12/189 333/14/191
f 331/12/189 348/29/204 341/22/197
f 341/22/197 327/8/186 331/12/189
f 349/1/179 350/2/180 351/3/181
f 351/3/181 352/4/205 349/1/179
f 350/2/180 353/5/206 354/6/184
f 354/6/184 351/3/181 350/2/180
f 355/7/185 356/8/186 357/9/184
f 357/9/184 358/10/187 355/7/185
f 359/11/188 360/12/189 356/8/186
f 356/8/186 355/7/185 359/11/188
f 361/13/196 362/14/207 360/12/189
f 360/12/189 359/11/188 361/13/196
f 363/15/192 349/1/179 352/4/205
f 352/4/205 364/16/208 363/15/192
f 365/17/193 366/18/179 367/19/209
f 368/20/187 365/17/193 367/19/209
f 355/7/185 368/20/187 367/19/209
f 359/11/188 355/7/185 367/19/209
f 369/21/196 359/11/188 367/19/209
f 366/18/179 369/21/196 367/19/209
f 356/8/186 370/22/197 371/23/199
f 371/23/199 357/9/184 356/8/186
f 354/6/184 372/24/198 373/25/210
f 373/25/210 351/3/181 354/6/184
f 352/4/205 351/3/181 373/25/210
f 373/25/210 374/26/211 352/4/205
f 352/4/205 374/26/211 375/27/202
f 375/27/202 364/16/208 352/4/205
f 362/14/207 376/28/202 377/29/212
f 377/29/212 360/12/189 362/14/207
f 360/12/189 377/29/212 370/22/197
f 370/22/197 356/8/186 360/12/189
f 378/1/213 379/2/214 380/3/215
f 380/3/215 381/4/216 378/1/213
f 379/2/214 382/5/217 383/6/218
f 383/6/218 380/3/215 379/2/214
f 384/7/219 385/8/220 386/9/218
f 386/9/218 387/10/221 384/7/219
f 388/11/222 389/12/223 385/8/220
f 385/8/220 384/7/219 388/11/222
f 390/13/224 391/14/225 389/12/223
f 389/12/223 388/11/222 390/13/224
f 392/15/224 378/1/213 381/4/216
f 381/4/216 393/16/226 392/15/224
f 394/17/227 395/18/228 396/19/229
f 397/20/217 394/17/227 396/19/229
f 384/7/219 397/20/217 396/19/229
f 388/11/222 384/7/219 396/19/229
f 398/21/230 388/11/222 396/19/229
f 395/18/228 398/21/230 396/19/229
f 385/8/220 399/22/231 400/23/232
f 400/23/232 386/9/218 385/8/220
f 383/6/218 401/24/232 402/25/233
f 402/25/233 380/3/215 383/6/218
f 381/4/216 380/3/215 402/25/233
f 402/25/233 403/26/234 381/4/216
f 381/4/216 403/26/234 404/27/235
f 404/27/235 393/16/226 381/4/216
f 391/14/225 405/28/235 406/29/236
f 406/29/236 389/12/223 391/14/225
f 389/12/223 406/29/236 399/22/231
f 399/22/231 385/8/220 389/12/223
f 407/1/179 408/2/180 409/3/181
f 409/3/181 410/4/205 407/1/179
f 408/2/180 411/5/187 412/6/184
f 412/6/184 409/3/181 408/2/180
f 413/7/237 414/8/186 415/9/184
f 415/9/184 416/10/238 413/7/237
f 417/11/188 418/12/189 414/8/186
f 414/8/186 413/7/237 417/11/188
f 419/13/196 420/14/208 418/12/189
f 418/12/189 417/11/188 419/13/196
f 421/15/239 407/1/179 410/4/205
f 410/4/205 422/16/208 421/15/239
f 423/17/193 424/18/179 425/19/195
f 426/20/187 423/17/193 425/19/195
f 413/7/237 426/20/187 425/19/195
f 417/11/188 413/7/237 425/19/195
f 427/21/196 417/11/188 425/19/195
f 424/18/179 427/21/196 425/19/195
f 414/8/186 428/22/197 429/23/199
f 429/23/199 415/9/184 414/8/186
f 412/6/184 430/24/198 431/25/200
f 431/25/200 409/3/181 412/6/184
f 410/4/205 409/3/181 431/25/200
f 431/25/200 432/26/201 410/4/205
f 410/4/205 432/26/201 433/27/202
f 433/27/202 422/16/208 410/4/205
f 420/14/208 434/28/203 435/29/204
f 435/29/204 418/12/189 420/14/208
f 418/12/189 435/29/204 428/22/197
f 428/22/197 414/8/186 418/12/189
f 436/30/240 437/31/241 438/32/240
f 438/32/240 439/33/242 436/30/240
f 438/32/240 440/34/243 441/35/244
f 441/35/244 439/33/242 438/32/240
f 441/35/244 440/34/243 442/36/245
f 442/36/245 443/37/246 441/35/244
f 443/37/246 442/36/245 444/38/247
f 444/38/247 445/39/248 443/37/246
f 446/40/249 447/41/250 448/42/250
f 448/42/250 449/43/251 446/40/249
f 448/42/250 447/41/250 450/44/252
f 450/44/252 451/45/253 448/42/250
f 450/44/252 452/46/254 453/47/254
f 453/47/254 451/45/253 450/44/252
f 453/47/254 452/46/254 454/48/255
f 454/48/255 455/49/256 453/47/254
f 454/48/255 456/50/257 457/51/258
f 457/51/258 455/49/256 454/48/255
f 457/51/258 456/50/257 458/52/259
f 458/52/259 459/53/260 457/51/258
f 458/52/259 460/54/261 461/55/262
f 461/55/262 459/53/260 458/52/259
f 462/56/263 463/57/263 464/58/264
f 464/58/264 465/59/265 462/56/263
f 465/59/265 464/58/264 466/60/266
f 466/60/266 467/61/267 465/59/265
f 466/60/266 468/62/268 469/63/268
f 469/63/268 467/61/267 466/60/266
f 470/64/269 471/65/269 472/66/270
f 472/66/270 473/67/269 470/64/269
f 474/68/271 475/69/272 476/70/273
f 476/70/273 477/71/274 474/68/271
f 476/70/273 475/69/272 478/72/275
f 478/72/275 479/73/276 476/70/273
f 479/73/276 478/72/275 480/74/277
f 480/74/277 481/75/278 479/73/276
f 480/74/277 482/76/279 483/77/280
f 483/77/280 481/75/278 480/74/277
f 483/77/280 482/76/279 484/78/281
f 484/78/281 485/79/282 483/77/280
f 484/78/281 486/80/283 487/81/284
f 487/81/284 485/79/282 484/78/281
f 487/81/284 486/80/283 488/82/285
f 488/82/285 489/83/286 487/81/284
f 489/83/286 488/82/285 490/84/287
f 490/84/287 491/85/288 489/83/286
f 490/84/287 492/86/289 493/87/290
f 493/87/290 491/85/288 490/84/287
f 493/87/290 492/86/289 494/88/291
f 494/88/291 495/89/292 493/87/290
f 494/88/291 496/90/293 497/91/293
f 497/91/293 495/89/292 494/88/291
f 496/90/293 498/92/294 499/93/294
f 499/93/294 497/91/293 496/90/293
f 499/93/294 498/92/294 500/94/295
f 500/94/295 501/95/296 499/93/294
f 500/94/295 502/96/297 503/97/298
f 503/97/298 501/95/296 500/94/295
f 504/98/298 505/99/299 506/100/300
f 506/100/300 507/101/301 504/98/298
f 508/102/302 509/103/302 510/104/303
f 510/104/303 511/105/304 508/102/302
f 512/106/305 513/107/305 514/108/305
f 514/108/305 515/109/306 512/106/305
f 513/107/305 516/110/305 517/111/305
f 517/111/305 514/108/305 513/107/305
f 517/111/305 516/110/305 518/112/307
f 518/112/307 519/113/308 517/111/305
f 519/113/308 518/112/307 520/114/309
f 520/114/309 521/115/310 519/113/308
f 437/31/241 522/116/311 523/117/311
f 523/117/311 438/32/240 437/31/241
f 438/32/240 523/117/311 524/118/312
f 524/118/312 440/34/243 438/32/240
f 440/34/243 524/118/312 525/119/313
f 525/119/313 442/36/245 440/34/243
f 442/36/245 525/119/313 526/120/314
f 526/120/314 444/38/247 442/36/245
f 527/121/315 528/122/316 447/41/250
f 447/41/250 446/40/249 527/121/315
f 447/41/250 528/122/316 529/123/317
f 529/123/317 450/44/252 447/41/250
f 450/44/252 529/123/317 530/124/318
f 530/124/318 452/46/254 450/44/252
f 452/46/254 530/124/318 531/125/319
f 531/125/319 454/48/255 452/46/254
f 531/125/319 532/126/320 456/50/257
f 456/50/257 454/48/255 531/125/319
f 456/50/257 532/126/320 533/127/321
f 533/127/321 458/52/259 456/50/257
f 533/127/321 534/128/322 460/54/261
f 460/54/261 458/52/259 533/127/321
f 463/57/263 535/129/323 536/130/324
f 536/130/324 464/58/264 463/57/263
f 464/58/264 536/130/324 537/131/325
f 537/131/325 466/60/266 464/58/264
f 537/131/325 538/132/326 468/62/268
f 468/62/268 466/60/266 537/131/325
f 471/65/269 539/133/327 540/134/327
f 540/134/327 472/66/270 471/65/269
f 541/135/328 542/136/328 475/69/272
f 475/69/272 474/68/271 541/135/328
f 475/69/272 542/136/328 543/137/329
f 543/137/329 478/72/275 475/69/272
f 478/72/275 543/137/329 544/138/330
f 544/138/330 480/74/277 478/72/275
f 544/138/330 545/139/331 482/76/279
f 482/76/279 480/74/277 544/138/330
f 482/76/279 545/139/331 546/140/332
f 546/140/332 484/78/281 482/76/279
f 546/140/332 547/141/333 486/80/283
f 486/80/283 484/78/281 546/140/332
f 486/80/283 547/141/333 548/142/334
f 548/142/334 488/82/285 486/80/283
f 488/82/285 548/142/334 549/143/335
f 549/143/335 490/84/287 488/82/285
f 549/143/335 550/144/336 492/86/289
f 492/86/289 490/84/287 549/143/335
f 492/86/289 550/144/336 551/145/337
f 551/145/337 494/88/291 492/86/289
f 551/145/337 552/146/338 496/90/293
f 496/90/293 494/88/291 551/145/337
f 552/146/338 553/147/339 498/92/294
f 498/92/294 496/90/293 552/146/338
f 498/92/294 553/147/339 554/148/340
f 554/148/340 500/94/295 498/92/294
f 500/94/295 554/148/340 555/149/341
f 555/149/341 502/96/297 500/94/295
f 505/99/299 556/150/342 557/151/343
f 557/151/343 506/100/300 505/99/299
f 509/103/302 558/152/344 559/153/344
f 559/153/344 510/104/303 509/103/302
f 560/154/345 561/155/346 513/107/305
f 513/107/305 512/106/305 560/154/345
f 561/155/346 562/156/347 516/110/305
f 516/110/305 513/107/305 561/155/346
f 516/110/305 562/156/347 563/157/348
f 563/157/348 518/112/307 516/110/305
f 518/112/307 563/157/348 564/158/349
f 564/158/349 520/114/309 518/112/307
f 522/116/311 565/159/350 566/160/350
f 566/160/350 523/117/311 522/116/311
f 523/117/311 566/160/350 567/161/351
f 567/161/351 524/118/312 523/117/311
f 524/118/312 567/161/351 568/162/352
f 568/162/352 525/119/313 524/118/312
f 525/119/313 568/162/352 569/163/353
f 569/163/353 526/120/314 525/119/313
f 570/164/354 571/165/355 528/122/316
f 528/122/316 527/121/315 570/164/354
f 528/122/316 571/165/355 572/166/356
f 572/166/356 529/123/317 528/122/316
f 572/166/356 573/167/357 530/124/318
f 530/124/318 529/123/317 572/166/356
f 530/124/318 573/167/357 574/168/358
f 574/168/358 531/125/319 530/124/318
f 574/168/358 575/169/359 532/126/320
f 532/126/320 531/125/319 574/168/358
f 532/126/320 575/169/359 576/170/360
f 576/170/360 533/127/321 532/126/320
f 576/170/360 577/171/361 534/128/322
f 534/128/322 533/127/321 576/170/360
f 535/129/323 578/172/362 579/173/363
f 579/173/363 536/130/324 535/129/323
f 536/130/324 579/173/363 580/174/364
f 580/174/364 537/131/325 536/130/324
f 580/174/364 581/175/365 538/132/326
f 538/132/326 537/131/325 580/174/364
f 582/176/366 583/177/366 540/134/327
f 540/134/327 539/133/327 582/176/366
f 584/178/367 585/179/367 542/136/328
f 542/136/328 541/135/328 584/178/367
f 542/136/328 585/179/367 586/180/368
f 586/180/368 543/137/329 542/136/328
f 543/137/329 586/180/368 587/181/369
f 587/181/369 544/138/330 543/137/329
f 587/181/369 588/182/370 545/139/331
f 545/139/331 544/138/330 587/181/369
f 545/139/331 588/182/370 589/183/371
f 589/183/371 546/140/332 545/139/331
f 589/183/371 590/184/372 547/141/333
f 547/141/333 546/140/332 589/183/371
f 547/141/333 590/184/372 591/185/373
f 591/185/373 548/142/334 547/141/333
f 548/142/334 591/185/373 592/186/374
f 592/186/374 549/143/335 548/142/334
f 592/186/374 593/187/375 550/144/336
f 550/144/336 549/143/335 592/186/374
f 550/144/336 593/187/375 594/188/376
f 594/188/376 551/145/337 550/144/336
f 594/188/376 595/189/377 552/146/338
f 552/146/338 551/145/337 594/188/376
f 595/189/377 596/190/378 553/147/339
f 553/147/339 552/146/338 595/189/377
f 553/147/339 596/190/378 597/191/379
f 597/191/379 554/148/340 553/147/339
f 597/191/379 598/192/380 555/149/341
f 555/149/341 554/148/340 597/191/379
f 556/150/342 599/193/381 600/194/382
f 600/194/382 557/151/343 556/150/342
f 558/152/344 601/195/383 602/196/384
f 602/196/384 559/153/344 558/152/344
f 603/197/385 604/198/386 561/155/346
f 561/155/346 560/154/345 603/197/385
f 604/198/386 605/199/387 562/156/347
f 562/156/347 561/155/346 604/198/386
f 605/199/387 606/200/388 563/157/348
f 563/157/348 562/156/347 605/199/387
f 606/200/388 607/201/389 564/158/349
f 564/158/349 563/157/348 606/200/388
f 608/202/390 609/203/391 610/204/391
f 610/204/391 611/205/350 608/202/390
f 610/204/391 612/206/392 613/207/393
f 613/207/393 611/205/350 610/204/391
f 613/207/393 612/206/392 614/208/394
f 614/208/394 615/209/352 613/207/393
f 614/208/394 616/210/395 617/211/353
f 617/211/353 615/209/352 614/208/394
f 618/212/396 619/213/397 620/214/398
f 620/214/398 621/215/353 618/212/396
f 620/214/398 619/213/397 622/216/399
f 622/216/399 623/217/400 620/214/398
f 622/216/399 624/218/401 625/219/402
f 625/219/402 623/217/400 622/216/399
f 625/219/402 624/218/401 626/220/403
f 626/220/403 627/221/358 625/219/402
f 626/220/403 628/222/404 629/223/405
f 629/223/405 627/221/358 626/220/403
f 629/223/405 628/222/404 630/224/406
f 630/224/406 631/225/360 629/223/405
f 630/224/406 632/226/407 633/227/361
f 633/227/361 631/225/360 630/224/406
f 634/228/407 635/229/408 636/230/363
f 636/230/363 637/231/409 634/228/407
f 635/229/408 638/232/410 639/233/411
f 639/233/411 636/230/363 635/229/408
f 639/233/411 638/232/410 640/234/412
f 640/234/412 641/235/365 639/233/411
f 642/236/413 643/237/413 644/238/414
f 644/238/414 645/239/366 642/236/413
f 646/240/415 647/241/415 648/242/416
f 648/242/416 649/243/417 646/240/415
f 647/241/415 650/244/418 651/245/419
f 651/245/419 648/242/416 647/241/415
f 651/245/419 650/244/418 652/246/420
f 652/246/420 653/247/421 651/245/419
f 652/246/420 654/248/422 655/249/423
f 655/249/423 653/247/421 652/246/420
f 655/249/423 654/248/422 656/250/424
f 656/250/424 657/251/425 655/249/423
f 656/250/424 658/252/426 659/253/427
f 659/253/427 657/251/425 656/250/424
f 658/252/426 660/254/428 661/255/429
f 661/255/429 659/253/427 658/252/426
f 660/254/428 662/256/430 663/257/374
f 663/257/374 661/255/429 660/254/428
f 662/256/430 664/258/431 665/259/375
f 665/259/375 663/257/374 662/256/430
f 665/259/375 664/258/431 666/260/432
f 666/260/432 667/261/376 665/259/375
f 666/260/432 668/262/433 669/263/377
f 669/263/377 667/261/376 666/260/432
f 668/262/433 670/264/434 671/265/435
f 671/265/435 669/263/377 668/262/433
f 671/265/435 670/264/434 672/266/436
f 672/266/436 673/267/379 671/265/435
f 672/266/436 674/268/437 675/269/380
f 675/269/380 673/267/379 672/266/436
f 676/270/438 677/271/439 678/272/382
f 678/272/382 679/273/380 676/270/438
f 680/274/440 681/275/440 682/276/383
f 682/276/383 683/277/383 680/274/440
f 684/278/385 685/279/441 686/280/442
f 686/280/442 687/281/443 684/278/385
f 687/281/443 686/280/442 688/282/444
f 688/282/444 689/283/445 687/281/443
f 688/282/444 690/284/446 691/285/388
f 691/285/388 689/283/445 688/282/444
f 690/284/446 692/286/447 693/287/389
f 693/287/389 691/285/388 690/284/446
f 694/288/448 695/289/448 610/204/391
f 610/204/391 609/203/391 694/288/448
f 695/289/448 696/290/449 612/206/392
f 612/206/392 610/204/391 695/289/448
f 612/206/392 696/290/449 697/291/450
f 697/291/450 614/208/394 612/206/392
f 697/291/450 698/292/451 616/210/395
f 616/210/395 614/208/394 697/291/450
f 699/293/451 700/294/452 619/213/397
f 619/213/397 618/212/396 699/293/451
f 700/294/452 701/295/453 622/216/399
f 622/216/399 619/213/397 700/294/452
f 701/295/453 702/296/454 624/218/401
f 624/218/401 622/216/399 701/295/453
f 702/296/454 703/297/455 626/220/403
f 626/220/403 624/218/401 702/296/454
f 703/297/455 704/298/456 628/222/404
f 628/222/404 626/220/403 703/297/455
f 704/298/456 705/299/457 630/224/406
f 630/224/406 628/222/404 704/298/456
f 705/299/457 706/300/458 632/226/407
f 632/226/407 630/224/406 705/299/457
f 707/301/458 708/302/459 635/229/408
f 635/229/408 634/228/407 707/301/458
f 708/302/459 709/303/460 638/232/410
f 638/232/410 635/229/408 708/302/459
f 638/232/410 709/303/460 710/304/461
f 710/304/461 640/234/412 638/232/410
f 711/305/462 712/306/463 643/237/413
f 643/237/413 642/236/413 711/305/462
f 713/307/464 714/308/465 647/241/415
f 647/241/415 646/240/415 713/307/464
f 714/308/465 715/309/466 650/244/418
f 650/244/418 647/241/415 714/308/465
f 715/309/466 716/310/467 652/246/420
f 652/246/420 650/244/418 715/309/466
f 716/310/467 717/311/468 654/248/422
f 654/248/422 652/246/420 716/310/467
f 717/311/468 718/312/469 656/250/424
f 656/250/424 654/248/422 717/311/468
f 718/312/469 719/313/470 658/252/426
f 658/252/426 656/250/424 718/312/469
f 719/313/470 720/314/471 660/254/428
f 660/254/428 658/252/426 719/313/470
f 720/314/471 721/315/472 662/256/430
f 662/256/430 660/254/428 720/314/471
f 721/315/472 722/316/473 664/258/431
f 664/258/431 662/256/430 721/315/472
f 722/316/473 723/317/474 666/260/432
f 666/260/432 664/258/431 722/316/473
f 723/317/474 724/318/475 668/262/433
f 668/262/433 666/260/432 723/317/474
f 724/318/475 725/319/476 670/264/434
f 670/264/434 668/262/433 724/318/475
f 725/319/476 726/320/477 672/266/436
f 672/266/436 670/264/434 725/319/476
f 726/320/477 727/321/478 674/268/437
f 674/268/437 672/266/436 726/320/477
f 728/322/478 729/323/479 677/271/439
f 677/271/439 676/270/438 728/322/478
f 730/324/480 731/325/480 681/275/440
f 681/275/440 680/274/440 730/324/480
f 685/279/441 732/326/481 733/327/482
f 733/327/482 686/280/442 685/279/441
f 686/280/442 733/327/482 734/328/483
f 734/328/483 688/282/444 686/280/442
f 688/282/444 734/328/483 735/329/484
f 735/329/484 690/284/446 688/282/444
f 735/329/484 736/330/485 692/286/447
f 692/286/447 690/284/446 735/329/484
f 737/331/486 738/332/486 695/289/448
f 695/289/448 694/288/448 737/331/486
f 738/332/486 739/333/487 696/290/449
f 696/290/449 695/289/448 738/332/486
f 739/333/487 740/334/488 697/291/450
f 697/291/450 696/290/449 739/333/487
f 740/334/488 741/335/489 698/292/451
f 698/292/451 697/291/450 740/334/488
f 699/293/451 742/336/490 743/337/491
f 743/337/491 700/294/452 699/293/451
f 743/337/491 744/338/492 701/295/453
f 701/295/453 700/294/452 743/337/491
f 744/338/492 745/339/493 702/296/454
f 702/296/454 701/295/453 744/338/492
f 745/339/493 746/340/494 703/297/455
f 703/297/455 702/296/454 745/339/493
f 703/297/455 746/340/494 747/341/495
f 747/341/495 704/298/456 703/297/455
f 747/341/495 748/342/496 705/299/457
f 705/299/457 704/298/456 747/341/495
f 705/299/457 748/342/496 749/343/497
f 749/343/497 706/300/458 705/299/457
f 750/344/498 751/345/499 708/302/459
f 708/302/459 707/301/458 750/344/498
f 751/345/499 752/346/500 709/303/460
f 709/303/460 708/302/459 751/345/499
f 709/303/460 752/346/500 753/347/501
f 753/347/501 710/304/461 709/303/460
f 754/348/502 755/349/503 712/306/463
f 712/306/463 711/305/462 754/348/502
f 713/307/464 756/350/504 757/351/504
f 757/351/504 714/308/465 713/307/464
f 757/351/504 758/352/505 715/309/466
f 715/309/466 714/308/465 757/351/504
f 758/352/505 759/353/506 716/310/467
f 716/310/467 715/309/466 758/352/505
f 716/310/467 759/353/506 760/354/507
f 760/354/507 717/311/468 716/310/467
f 760/354/507 761/355/508 718/312/469
f 718/312/469 717/311/468 760/354/507
f 718/312/469 761/355/508 762/356/509
f 762/356/509 719/313/470 718/312/469
f 762/356/509 763/357/510 720/314/471
f 720/314/471 719/313/470 762/356/509
f 763/357/510 764/358/511 721/315/472
f 721/315/472 720/314/471 763/357/510
f 764/358/511 765/359/512 722/316/473
f 722/316/473 721/315/472 764/358/511
f 765/359/512 766/360/513 723/317/474
f 723/317/474 722/316/473 765/359/512
f 766/360/513 767/361/514 724/318/475
f 724/318/475 723/317/474 766/360/513
f 767/361/514 768/362/515 725/319/476
f 725/319/476 724/318/475 767/361/514
f 768/362/515 769/363/516 726/320/477
f 726/320/477 725/319/476 768/362/515
f 726/320/477 769/363/516 770/364/517
f 770/364/517 727/321/478 726/320/477
f 771/365/518 772/366/519 729/323/479
f 729/323/479 728/322/478 771/365/518
f 773/367/520 774/368/521 731/325/480
f 731/325/480 730/324/480 773/367/520
f 732/326/481 775/369/522 776/370/522
f 776/370/522 733/327/482 732/326/481
f 733/327/482 776/370/522 777/371/523
f 777/371/523 734/328/483 733/327/482
f 777/371/523 778/372/524 735/329/484
f 735/329/484 734/328/483 777/371/523
f 735/329/484 778/372/524 779/373/525
f 779/373/525 736/330/485 735/329/484
f 780/374/526 781/375/527 738/332/486
f 738/332/486 737/331/486 780/374/526
f 781/375/527 782/376/528 739/333/487
f 739/333/487 738/332/486 781/375/527
f 739/333/487 782/376/528 783/377/529
f 783/377/529 740/334/488 739/333/487
f 783/377/529 784/378/530 741/335/489
f 741/335/489 740/334/488 783/377/529
f 742/336/490 785/379/531 786/380/532
f 786/380/532 743/337/491 742/336/490
f 786/380/532 787/381/533 744/338/492
f 744/338/492 743/337/491 786/380/532
f 787/381/533 788/382/534 745/339/493
f 745/339/493 744/338/492 787/381/533
f 788/382/534 789/383/535 746/340/494
f 746/340/494 745/339/493 788/382/534
f 789/383/535 790/384/536 747/341/495
f 747/341/495 746/340/494 789/383/535
f 790/384/536 791/385/537 748/342/496
f 748/342/496 747/341/495 790/384/536
f 791/385/537 792/386/538 749/343/497
f 749/343/497 748/342/496 791/385/537
f 793/387/539 794/388/540 751/345/499
f 751/345/499 750/344/498 793/387/539
f 794/388/540 795/389/541 752/346/500
f 752/346/500 751/345/499 794/388/540
f 752/346/500 795/389/541 796/390/542
f 796/390/542 753/347/501 752/346/500
f 797/391/543 798/392/543 755/349/503
f 755/349/503 754/348/502 797/391/543
f 756/350/504 799/393/544 800/394/544
f 800/394/544 757/351/504 756/350/504
f 800/394/544 801/395/545 758/352/505
f 758/352/505 757/351/504 800/394/544
f 801/395/545 802/396/546 759/353/506
f 759/353/506 758/352/505 801/395/545
f 802/396/546 803/397/547 760/354/507
f 760/354/507 759/353/506 802/396/546
f 803/397/547 804/398/548 761/355/508
f 761/355/508 760/354/507 803/397/547
f 804/398/548 805/399/549 762/356/509
f 762/356/509 761/355/508 804/398/548
f 805/399/549 806/400/550 763/357/510
f 763/357/510 762/356/509 805/399/549
f 806/400/550 807/401/551 764/358/511
f 764/358/511 763/357/510 806/400/550
f 807/401/551 808/402/552 765/359/512
f 765/359/512 764/358/511 807/401/551
f 808/402/552 809/403/553 766/360/513
f 766/360/513 765/359/512 808/402/552
f 809/403/553 810/404/554 767/361/514
f 767/361/514 766/360/513 809/403/553
f 810/404/554 811/405/555 768/362/515
f 768/362/515 767/361/514 810/404/554
f 811/405/555 812/406/556 769/363/516
f 769/363/516 768/362/515 811/405/555
f 812/406/556 813/407/557 770/364/517
f 770/364/517 769/363/516 812/406/556
f 814/408/558 815/409/559 772/366/519
f 772/366/519 771/365/518 814/408/558
f 816/410/560 817/411/560 774/368/521
f 774/368/521 773/367/520 816/410/560
f 775/369/522 818/412/561 819/413/561
f 819/413/561 776/370/522 775/369/522
f 776/370/522 819/413/561 820/414/562
f 820/414/562 777/371/523 776/370/522
f 777/371/523 820/414/562 821/415/563
f 821/415/563 778/372/524 777/371/523
f 821/415/563 822/416/564 779/373/525
f 779/373/525 778/372/524 821/415/563
f 823/417/565 824/418/566 781/375/527
f 781/375/527 780/374/526 823/417/565
f 781/375/527 824/418/566 825/419/567
f 825/419/567 782/376/528 781/375/527
f 825/419/567 826/420/568 783/377/529
f 783/377/529 782/376/528 825/419/567
f 783/377/529 826/420/568 827/421/569
f 827/421/569 784/378/530 783/377/529
f 785/379/531 828/422/570 829/423/571
f 829/423/571 786/380/532 785/379/531
f 829/423/571 830/424/572 787/381/533
f 787/381/533 786/380/532 829/423/571
f 787/381/533 830/424/572 831/425/573
f 831/425/573 788/382/534 787/381/533
f 831/425/573 832/426/574 789/383/535
f 789/383/535 788/382/534 831/425/573
f 789/383/535 832/426/574 833/427/575
f 833/427/575 790/384/536 789/383/535
f 833/427/575 834/428/576 791/385/537
f 791/385/537 790/384/536 833/427/575
f 791/385/537 834/428/576 835/429/577
f 835/429/577 792/386/538 791/385/537
f 836/430/577 837/431/578 794/388/540
f 794/388/540 793/387/539 836/430/577
f 837/431/578 838/432/579 795/389/541
f 795/389/541 794/388/540 837/431/578
f 838/432/579 839/433/580 796/390/542
f 796/390/542 795/389/541 838/432/579
f 797/391/543 840/434/581 841/435/582
f 841/435/582 798/392/543 797/391/543
f 799/393/544 842/436/583 843/437/583
f 843/437/583 800/394/544 799/393/544
f 843/437/583 844/438/584 801/395/545
f 801/395/545 800/394/544 843/437/583
f 844/438/584 845/439/585 802/396/546
f 802/396/546 801/395/545 844/438/584
f 802/396/546 845/439/585 846/440/586
f 846/440/586 803/397/547 802/396/546
f 846/440/586 847/441/587 804/398/548
f 804/398/548 803/397/547 846/440/586
f 847/441/587 848/442/588 805/399/549
f 805/399/549 804/398/548 847/441/587
f 848/442/588 849/443/589 806/400/550
f 806/400/550 805/399/549 848/442/588
f 806/400/550 849/443/589 850/444/590
f 850/444/590 807/401/551 806/400/550
f 807/401/551 850/444/590 851/445/591
f 851/445/591 808/402/552 807/401/551
f 851/445/591 852/446/592 809/403/553
f 809/403/553 808/402/552 851/445/591
f 852/446/592 853/447/593 810/404/554
f 810/404/554 809/403/553 852/446/592
f 853/447/593 854/448/594 811/405/555
f 811/405/555 810/404/554 853/447/593
f 854/448/594 855/449/595 812/406/556
f 812/406/556 811/405/555 854/448/594
f 812/406/556 855/449/595 856/450/596
f 856/450/596 813/407/557 812/406/556
f 857/451/596 858/452/597 815/409/559
f 815/409/559 814/408/558 857/451/596
f 859/453/598 860/454/599 817/411/560
f 817/411/560 816/410/560 859/453/598
f 861/455/600 862/456/601 819/413/561
f 819/413/561 818/412/561 861/455/600
f 862/456/601 863/457/602 820/414/562
f 820/414/562 819/413/561 862/456/601
f 863/457/602 864/458/603 821/415/563
f 821/415/563 820/414/562 863/457/602
f 864/458/603 865/459/604 822/416/564
f 822/416/564 821/415/563 864/458/603
f 866/460/605 867/461/606 824/418/566
f 824/418/566 823/417/565 866/460/605
f 867/461/606 868/462/607 825/419/567
f 825/419/567 824/418/566 867/461/606
f 825/419/567 868/462/607 869/463/608
f 869/463/608 826/420/568 825/419/567
f 869/463/608 870/464/609 827/421/569
f 827/421/569 826/420/568 869/463/608
f 828/422/570 871/465/610 872/466/611
f 872/466/611 829/423/571 828/422/570
f 872/466/611 873/467/612 830/424/572
f 830/424/572 829/423/571 872/466/611
f 873/467/612 874/468/613 831/425/573
f 831/425/573 830/424/572 873/467/612
f 874/468/613 875/469/614 832/426/574
f 832/426/574 831/425/573 874/468/613
f 875/469/614 876/470/615 833/427/575
f 833/427/575 832/426/574 875/469/614
f 876/470/615 877/471/616 834/428/576
f 834/428/576 833/427/575 876/470/615
f 877/471/616 878/472/617 835/429/577
f 835/429/577 834/428/576 877/471/616
f 879/473/617 880/474/618 837/431/578
f 837/431/578 836/430/577 879/473/617
f 880/474/618 881/475/619 838/432/579
f 838/432/579 837/431/578 880/474/618
f 838/432/579 881/475/619 882/476/620
f 882/476/620 839/433/580 838/432/579
f 883/477/621 884/478/622 841/435/582
f 841/435/582 840/434/581 883/477/621
f 842/436/583 885/479/623 886/480/623
f 886/480/623 843/437/583 842/436/583
f 886/480/623 887/481/624 844/438/584
f 844/438/584 843/437/583 886/480/623
f 844/438/584 887/481/624 888/482/625
f 888/482/625 845/439/585 844/438/584
f 845/439/585 888/482/625 889/483/626
f 889/483/626 846/440/586 845/439/585
f 889/483/626 890/484/627 847/441/587
f 847/441/587 846/440/586 889/483/626
f 890/484/627 891/485/628 848/442/588
f 848/442/588 847/441/587 890/484/627
f 891/485/628 892/486/629 849/443/589
f 849/443/589 848/442/588 891/485/628
f 892/486/629 893/487/630 850/444/590
f 850/444/590 849/443/589 892/486/629
f 893/487/630 894/488/631 851/445/591
f 851/445/591 850/444/590 893/487/630
f 894/488/631 895/489/632 852/446/592
f 852/446/592 851/445/591 894/488/631
f 852/446/592 895/489/632 896/490/633
f 896/490/633 853/447/593 852/446/592
f 896/490/633 897/491/634 854/448/594
f 854/448/594 853/447/593 896/490/633
f 897/491/634 898/492/635 855/449/595
f 855/449/595 854/448/594 897/491/634
f 898/492/635 899/493/636 856/450/596
f 856/450/596 855/449/595 898/492/635
f 900/494/636 901/495/637 858/452/597
f 858/452/597 857/451/596 900/494/636
f 902/496/638 903/497/639 860/454/599
f 860/454/599 859/453/598 902/496/638
f 861/455/600 904/498/640 905/499/641
f 905/499/641 862/456/601 861/455/600
f 862/456/601 905/499/641 906/500/642
f 906/500/642 863/457/602 862/456/601
f 906/500/642 907/501/643 864/458/603
f 864/458/603 863/457/602 906/500/642
f 907/501/643 908/502/644 865/459/604
f 865/459/604 864/458/603 907/501/643
f 866/460/605 909/503/645 910/504/645
f 910/504/645 867/461/606 866/460/605
f 867/461/606 910/504/645 911/505/646
f 911/505/646 868/462/607 867/461/606
f 911/505/646 912/506/647 869/463/608
f 869/463/608 868/462/607 911/505/646
f 869/463/608 912/506/647 913/507/648
f 913/507/648 870/464/609 869/463/608
f 871/465/610 914/508/649 915/509/650
f 915/509/650 872/466/611 871/465/610
f 915/509/650 916/510/651 873/467/612
f 873/467/612 872/466/611 915/509/650
f 873/467/612 916/510/651 917/511/652
f 917/511/652 874/468/613 873/467/612
f 917/511/652 918/512/653 875/469/614
f 875/469/614 874/468/613 917/511/652
f 875/469/614 918/512/653 919/513/654
f 919/513/654 876/470/615 875/469/614
f 919/513/654 920/514/655 877/471/616
f 877/471/616 876/470/615 919/513/654
f 877/471/616 920/514/655 921/515/656
f 921/515/656 878/472/617 877/471/616
f 922/516/657 923/517/658 880/474/618
f 880/474/618 879/473/617 922/516/657
f 923/517/658 924/518/659 881/475/619
f 881/475/619 880/474/618 923/517/658
f 881/475/619 924/518/659 925/519/660
f 925/519/660 882/476/620 881/475/619
f 883/477/621 926/520/661 927/521/661
f 927/521/661 884/478/622 883/477/621
f 928/522/662 929/523/663 886/480/623
f 886/480/623 885/479/623 928/522/662
f 929/523/663 930/524/664 887/481/624
f 887/481/624 886/480/623 929/523/663
f 930/524/664 931/525/665 888/482/625
f 888/482/625 887/481/624 930/524/664
f 888/482/625 931/525/665 932/526/666
f 932/526/666 889/483/626 888/482/625
f 932/526/666 933/527/667 890/484/627
f 890/484/627 889/483/626 932/526/666
f 933/527/667 934/528/668 891/485/628
f 891/485/628 890/484/627 933/527/667
f 891/485/628 934/528/668 935/529/669
f 935/529/669 892/486/629 891/485/628
f 892/486/629 935/529/669 936/530/670
f 936/530/670 893/487/630 892/486/629
f 893/487/630 936/530/670 937/531/671
f 937/531/671 894/488/631 893/487/630
f 937/531/671 938/532/672 895/489/632
f 895/489/632 894/488/631 937/531/671
f 938/532/672 939/533/673 896/490/633
f 896/490/633 895/489/632 938/532/672
f 896/490/633 939/533/673 940/534/674
f 940/534/674 897/491/634 896/490/633
f 940/534/674 941/535/675 898/492/635
f 898/492/635 897/491/634 940/534/674
f 898/492/635 941/535/675 942/536/676
f 942/536/676 899/493/636 898/492/635
f 943/537/677 944/538/678 901/495/637
f 901/495/637 900/494/636 943/537/677
f 902/496/638 945/539/679 946/540/679
f 946/540/679 903/497/639 902/496/638
f 947/541/680 948/542/680 905/499/641
f 905/499/641 904/498/640 947/541/680
f 948/542/680 949/543/681 906/500/642
f 906/500/642 905/499/641 948/542/680
f 949/543/681 950/544/682 907/501/643
f 907/501/643 906/500/642 949/543/681
f 950/544/682 951/545/683 908/502/644
f 908/502/644 907/501/643 950/544/682
f 909/503/645 952/546/684 953/547/684
f 953/547/684 910/504/645 909/503/645
f 910/504/645 953/547/684 954/548/685
f 954/548/685 911/505/646 910/504/645
f 954/548/685 955/549/686 912/506/647
f 912/506/647 911/505/646 954/548/685
f 912/506/647 955/549/686 956/550/687
f 956/550/687 913/507/648 912/506/647
f 914/508/649 957/551/687 958/552/688
f 958/552/688 915/509/650 914/508/649
f 958/552/688 959/553/689 916/510/651
f 916/510/651 915/509/650 958/552/688
f 916/510/651 959/553/689 960/554/690
f 960/554/690 917/511/652 916/510/651
f 960/554/690 961/555/691 918/512/653
f 918/512/653 917/511/652 960/554/690
f 918/512/653 961/555/691 962/556/692
f 962/556/692 919/513/654 918/512/653
f 962/556/692 963/557/693 920/514/655
f 920/514/655 919/513/654 962/556/692
f 920/514/655 963/557/693 964/558/694
f 964/558/694 921/515/656 920/514/655
f 922/516/657 965/559/695 966/560/696
f 966/560/696 923/517/658 922/516/657
f 923/517/658 966/560/696 967/561/697
f 967/561/697 924/518/659 923/517/658
f 967/561/697 968/562/698 925/519/660
f 925/519/660 924/518/659 967/561/697
f 926/520/661 969/563/699 970/564/700
f 970/564/700 927/521/661 926/520/661
f 971/565/701 972/566/702 929/523/663
f 929/523/663 928/522/662 971/565/701
f 929/523/663 972/566/702 973/567/703
f 973/567/703 930/524/664 929/523/663
f 973/567/703 974/568/704 931/525/665
f 931/525/665 930/524/664 973/567/703
f 931/525/665 974/568/704 975/569/705
f 975/569/705 932/526/666 931/525/665
f 975/569/705 976/570/706 933/527/667
f 933/527/667 932/526/666 975/569/705
f 976/570/706 977/571/707 934/528/668
f 934/528/668 933/527/667 976/570/706
f 934/528/668 977/571/707 978/572/708
f 978/572/708 935/529/669 934/528/668
f 935/529/669 978/572/708 979/573/709
f 979/573/709 936/530/670 935/529/669
f 936/530/670 979/573/709 980/574/710
f 980/574/710 937/531/671 936/530/670
f 937/531/671 980/574/710 981/575/711
f 981/575/711 938/532/672 937/531/671
f 981/575/711 982/576/712 939/533/673
f 939/533/673 938/532/672 981/575/711
f 939/533/673 982/576/712 983/577/713
f 983/577/713 940/534/674 939/533/673
f 983/577/713 984/578/714 941/535/675
f 941/535/675 940/534/674 983/577/713
f 941/535/675 984/578/714 985/579/715
f 985/579/715 942/536/676 941/535/675
f 943/537/677 986/580/716 987/581/717
f 987/581/717 944/538/678 943/537/677
f 945/539/679 988/582/718 989/583/719
f 989/583/719 946/540/679 945/539/679
f 990/584/720 991/585/720 948/542/680
f 948/542/680 947/541/680 990/584/720
f 991/585/720 992/586/721 949/543/681
f 949/543/681 948/542/680 991/585/720
f 992/586/721 993/587/722 950/544/682
f 950/544/682 949/543/681 992/586/721
f 950/544/682 993/587/722 994/588/723
f 994/588/723 951/545/683 950/544/682
f 436/30/240 439/33/242 995/589/684
f 995/589/684 996/590/724 436/30/240
f 995/589/684 439/33/242 441/35/244
f 441/35/244 997/591/725 995/589/684
f 441/35/244 443/37/246 998/592/726
f 998/592/726 997/591/725 441/35/244
f 998/592/726 443/37/246 445/39/248
f 445/39/248 999/593/727 998/592/726
f 449/43/251 448/42/250 1000/594/688
f 1000/594/688 1001/595/728 449/43/251
f 1000/594/688 448/42/250 451/45/253
f 451/45/253 1002/596/689 1000/594/688
f 1002/596/689 451/45/253 453/47/254
f 453/47/254 1003/597/690 1002/596/689
f 1003/597/690 453/47/254 455/49/256
f 455/49/256 1004/598/729 1003/597/690
f 1004/598/729 455/49/256 457/51/258
f 457/51/258 1005/599/692 1004/598/729
f 1005/599/692 457/51/258 459/53/260
f 459/53/260 1006/600/730 1005/599/692
f 1006/600/730 459/53/260 461/55/262
f 461/55/262 1007/601/694 1006/600/730
f 1008/602/731 462/56/263 465/59/265
f 465/59/265 1009/603/696 1008/602/731
f 1009/603/696 465/59/265 467/61/267
f 467/61/267 1010/604/732 1009/603/696
f 467/61/267 469/63/268 1011/605/698
f 1011/605/698 1010/604/732 467/61/267
f 1012/606/733 470/64/269 473/67/269
f 473/67/269 1013/607/733 1012/606/733
f 477/71/274 476/70/273 1014/608/702
f 1014/608/702 1015/609/702 477/71/274
f 1014/608/702 476/70/273 479/73/276
f 479/73/276 1016/610/734 1014/608/702
f 1016/610/734 479/73/276 481/75/278
f 481/75/278 1017/611/704 1016/610/734
f 1017/611/704 481/75/278 483/77/280
f 483/77/280 1018/612/735 1017/611/704
f 1018/612/735 483/77/280 485/79/282
f 485/79/282 1019/613/706 1018/612/735
f 1019/613/706 485/79/282 487/81/284
f 487/81/284 1020/614/707 1019/613/706
f 1020/614/707 487/81/284 489/83/286
f 489/83/286 1021/615/708 1020/614/707
f 1021/615/708 489/83/286 491/85/288
f 491/85/288 1022/616/736 1021/615/708
f 1022/616/736 491/85/288 493/87/290
f 493/87/290 1023/617/737 1022/616/736
f 1023/617/737 493/87/290 495/89/292
f 495/89/292 1024/618/711 1023/617/737
f 495/89/292 497/91/293 1025/619/712
f 1025/619/712 1024/618/711 495/89/292
f 497/91/293 499/93/294 1026/620/738
f 1026/620/738 1025/619/712 497/91/293
f 1026/620/738 499/93/294 501/95/296
f 501/95/296 1027/621/739 1026/620/738
f 1027/621/739 501/95/296 503/97/298
f 503/97/298 1028/622/740 1027/621/739
f 1029/623/715 504/98/298 507/101/301
f 507/101/301 1030/624/741 1029/623/715
f 1031/625/718 508/102/302 511/105/304
f 511/105/304 1032/626/718 1031/625/718
f 515/109/306 514/108/305 1033/627/720
f 1033/627/720 1034/628/720 515/109/306
f 514/108/305 517/111/305 1035/629/742
f 1035/629/742 1033/627/720 514/108/305
f 1035/629/742 517/111/305 519/113/308
f 519/113/308 1036/630/743 1035/629/742
f 1036/630/743 519/113/308 521/115/310
f 521/115/310 1037/631/744 1036/630/743
f 798/392/543 841/435/582 842/436/583
f 842/436/583 799/393/544 798/392/543
f 841/435/582 884/478/622 885/479/623
f 885/479/623 842/436/583 841/435/582
f 927/521/661 928/522/662 885/479/623
f 885/479/623 884/478/622 927/521/661
f 970/564/700 971/565/701 928/522/662
f 928/522/662 927/521/661 970/564/700
f 473/67/269 477/71/274 1015/609/702
f 1015/609/702 1013/607/733 473/67/269
f 472/66/270 474/68/271 477/71/274
f 477/71/274 473/67/269 472/66/270
f 472/66/270 540/134/327 541/135/328
f 541/135/328 474/68/271 472/66/270
f 583/177/366 584/178/367 541/135/328
f 541/135/328 540/134/327 583/177/366
f 643/237/413 646/240/415 649/243/417
f 649/243/417 644/238/414 643/237/413
f 712/306/463 713/307/464 646/240/415
f 646/240/415 643/237/413 712/306/463
f 755/349/503 756/350/504 713/307/464
f 713/307/464 712/306/463 755/349/503
f 798/392/543 799/393/544 756/350/504
f 756/350/504 755/349/503 798/392/543
f 839/433/580 840/434/581 797/391/543
f 797/391/543 796/390/542 839/433/580
f 882/476/620 883/477/621 840/434/581
f 840/434/581 839/433/580 882/476/620
f 882/476/620 925/519/660 926/520/661
f 926/520/661 883/477/621 882/476/620
f 925/519/660 968/562/698 969/563/699
f 969/563/699 926/520/661 925/519/660
f 1011/605/698 469/63/268 470/64/269
f 470/64/269 1012/606/733 1011/605/698
f 469/63/268 468/62/268 471/65/269
f 471/65/269 470/64/269 469/63/268
f 468/62/268 538/132/326 539/133/327
f 539/133/327 471/65/269 468/62/268
f 538/132/326 581/175/365 582/176/366
f 582/176/366 539/133/327 538/132/326
f 640/234/412 642/236/413 645/239/366
f 645/239/366 641/235/365 640/234/412
f 710/304/461 711/305/462 642/236/413
f 642/236/413 640/234/412 710/304/461
f 753/347/501 754/348/502 711/305/462
f 711/305/462 710/304/461 753/347/501
f 796/390/542 797/391/543 754/348/502
f 754/348/502 753/347/501 796/390/542
f 901/495/637 944/538/678 945/539/679
f 945/539/679 902/496/638 901/495/637
f 944/538/678 987/581/717 988/582/718
f 988/582/718 945/539/679 944/538/678
f 1030/624/741 507/101/301 508/102/302
f 508/102/302 1031/625/718 1030/624/741
f 506/100/300 509/103/302 508/102/302
f 508/102/302 507/101/301 506/100/300
f 506/100/300 557/151/343 558/152/344
f 558/152/344 509/103/302 506/100/300
f 600/194/382 601/195/383 558/152/344
f 558/152/344 557/151/343 600/194/382
f 677/271/439 680/274/440 683/277/383
f 683/277/383 678/272/382 677/271/439
f 729/323/479 730/324/480 680/274/440
f 680/274/440 677/271/439 729/323/479
f 729/323/479 772/366/519 773/367/520
f 773/367/520 730/324/480 729/323/479
f 815/409/559 816/410/560 773/367/520
f 773/367/520 772/366/519 815/409/559
f 815/409/559 858/452/597 859/453/598
f 859/453/598 816/410/560 815/409/559
f 901/495/637 902/496/638 859/453/598
f 859/453/598 858/452/597 901/495/637
f 946/540/679 989/583/719 990/584/720
f 990/584/720 947/541/680 946/540/679
f 511/105/304 515/109/306 1034/628/720
f 1034/628/720 1032/626/718 511/105/304
f 510/104/303 512/106/305 515/109/306
f 515/109/306 511/105/304 510/104/303
f 559/153/344 560/154/345 512/106/305
f 512/106/305 510/104/303 559/153/344
f 602/196/384 603/197/385 560/154/345
f 560/154/345 559/153/344 602/196/384
f 681/275/440 685/279/441 684/278/385
f 684/278/385 682/276/383 681/275/440
f 681/275/440 731/325/480 732/326/481
f 732/326/481 685/279/441 681/275/440
f 731/325/480 774/368/521 775/369/522
f 775/369/522 732/326/481 731/325/480
f 774/368/521 817/411/560 818/412/561
f 818/412/561 775/369/522 774/368/521
f 817/411/560 860/454/599 861/455/600
f 861/455/600 818/412/561 817/411/560
f 860/454/599 903/497/639 904/498/640
f 904/498/640 861/455/600 860/454/599
f 903/497/639 946/540/679 947/541/680
f 947/541/680 904/498/640 903/497/639
f 1038/632/240 1039/633/745 1040/634/746
f 1041/635/747 1038/632/240 1040/634/746
f 1042/636/390 1041/635/747 1040/634/746
f 1043/637/391 1042/636/390 1040/634/746
f 1044/638/748 1043/637/391 1040/634/746
f 1045/639/749 1044/638/748 1040/634/746
f 1046/640/750 1045/639/749 1040/634/746
f 1047/641/566 1046/640/750 1040/634/746
f 1048/642/645 1049/643/751 1047/641/566
f 1050/644/752 1048/642/645 1040/634/746
f 1039/633/745 1050/644/752 1040/634/746
f 1048/642/645 1047/641/566 1040/634/746
f 1051/645/310 1052/646/753 1053/647/754
f 1052/646/753 1054/648/755 1053/647/754
f 1054/648/755 1055/649/756 1053/647/754
f 1055/649/756 1056/650/757 1053/647/754
f 1056/650/757 1057/651/758 1053/647/754
f 1057/651/758 1058/652/759 1053/647/754
f 1058/652/759 1059/653/564 1053/647/754
f 1059/653/564 1060/654/760 1053/647/754
f 1060/654/760 1061/655/761 1062/656/762
f 1062/656/762 1053/647/754 1060/654/760
f 1062/656/762 1063/657/763 1053/647/754
f 1063/657/763 1051/645/310 1053/647/754
f 1064/1/764 1065/2/765 1066/3/765
f 1066/3/765 1067/4/765 1064/1/764
f 1065/2/765 1068/5/766 1069/6/766
f 1069/6/766 1066/3/765 1065/2/765
f 1070/7/767 1071/8/768 1072/9/766
f 1072/9/766 1073/10/769 1070/7/767
f 1074/11/770 1075/12/771 1071/8/768
f 1071/8/768 1070/7/767 1074/11/770
f 1076/13/772 1077/14/773 1075/12/771
f 1075/12/771 1074/11/770 1076/13/772
f 1078/15/772 1064/1/764 1067/4/765
f 1067/4/765 1079/16/772 1078/15/772
f 1080/17/774 1081/18/775 1082/19/776
f 1083/20/766 1080/17/774 1082/19/776
f 1070/7/767 1083/20/766 1082/19/776
f 1074/11/770 1070/7/767 1082/19/776
f 1084/21/777 1074/11/770 1082/19/776
f 1081/18/775 1084/21/777 1082/19/776
f 1071/8/768 1085/22/778 1086/23/779
f 1086/23/779 1072/9/766 1071/8/768
f 1069/6/766 1087/24/780 1088/25/781
f 1088/25/781 1066/3/765 1069/6/766
f 1067/4/765 1066/3/765 1088/25/781
f 1088/25/781 1089/26/782 1067/4/765
f 1067/4/765 1089/26/782 1090/27/783
f 1090/27/783 1079/16/772 1067/4/765
f 1077/14/773 1091/28/784 1092/29/785
f 1092/29/785 1075/12/771 1077/14/773
f 1075/12/771 1092/29/785 1085/22/778
f 1085/22/778 1071/8/768 1075/12/771
